Date,stock,oil,bond,dollar,gold
2018-01-01,,,,92.24,
2018-01-02,2695.81,42.4,121.859375,91.852,1317.56
2018-01-03,2713.06,43.31,121.96875,92.203,1313.21
2018-01-04,2723.99,43.36,121.828125,91.865,1323.01
2018-01-05,2743.15,43.19,121.65625,92.013,1319.59
2018-01-08,2747.71,43.27,121.65625,92.345,1320.4
2018-01-09,2751.29,44.06,121.1875,92.513,1312.85
2018-01-10,2748.23,44.03,121.15625,92.359,1316.89
2018-01-11,2767.56,44.03,121.203125,91.889,1322.44
2018-01-12,2786.24,44.48,121.140625,90.902,1337.64
2018-01-15,,44.74,,90.447,1339.99
2018-01-16,2776.42,44.17,121.1875,90.473,1338.41
2018-01-17,2802.56,44.25,120.734375,90.987,1326.84
2018-01-18,2798.03,44.05,120.546875,90.48,1327.03
2018-01-19,2810.3,43.74,120.328125,90.672,1331.84
2018-01-22,2832.97,44.12,120.390625,90.387,1333.92
2018-01-23,2839.13,44.5,120.6875,90.099,1341.21
2018-01-24,2837.54,45.08,120.453125,89.242,1358.46
2018-01-25,2839.25,44.62,120.640625,89.476,1348.26
2018-01-26,2872.87,44.78,120.265625,89.019,1349.12
2018-01-29,2853.53,44.22,120.046875,89.356,1340.33
2018-01-30,2822.43,43.71,119.84375,89.177,1338.59
2018-01-31,2823.81,44.0,119.890625,89.124,1345.14
2018-02-01,2821.98,44.58,119.3125,88.652,1348.79
2018-02-02,2762.13,43.59,119.03125,89.194,1333.39
2018-02-05,2648.94,42.74,120.171875,89.637,1339.67
2018-02-06,2695.14,42.94,119.4375,89.671,1324.16
2018-02-07,2681.66,41.75,119.28125,90.351,1318.39
2018-02-08,2581.0,41.08,119.328125,90.287,1318.76
2018-02-09,2619.55,40.06,119.1875,90.324,1316.65
2018-02-12,2656.0,40.03,119.0625,90.112,1322.7
2018-02-13,2662.94,40.0,119.265625,89.74,1329.55
2018-02-14,2698.63,41.11,118.609375,89.003,1350.73
2018-02-15,2731.2,41.22,118.546875,88.627,1353.67
2018-02-16,2732.22,41.46,118.78125,89.076,1346.96
2018-02-19,,41.92,,89.203,1346.46
2018-02-20,2716.26,41.59,118.71875,89.721,1329.19
2018-02-21,2701.33,41.57,118.359375,90.124,1324.63
2018-02-22,2703.96,42.28,118.578125,89.712,1332.05
2018-02-23,2747.3,42.86,118.96875,89.884,1328.71
2018-02-26,2779.6,43.14,118.984375,89.868,1333.68
2018-02-27,2744.28,42.42,118.671875,90.367,1318.36
2018-02-28,2713.83,42.01,118.921875,90.657,1318.31
2018-03-01,2677.67,41.65,119.390625,90.238,1317.03
2018-03-02,2691.25,41.88,118.96875,89.977,1322.75
2018-03-05,2720.94,42.53,118.8125,90.004,1320.11
2018-03-06,2728.12,42.51,118.78125,89.435,1334.56
2018-03-07,2726.8,41.9,118.828125,89.594,1325.57
2018-03-08,2738.97,41.44,119.046875,90.123,1321.99
2018-03-09,2786.57,42.49,118.828125,90.103,1323.93
2018-03-12,2783.02,42.14,118.984375,89.926,1323.1
2018-03-13,2765.31,41.99,119.171875,89.686,1326.51
2018-03-14,2749.48,42.1,119.359375,89.783,1324.85
2018-03-15,2747.33,42.18,119.265625,90.128,1316.1
2018-03-16,2752.01,42.81,119.171875,90.186,1314.24
2018-03-19,2712.92,42.88,119.078125,89.927,1316.85
2018-03-20,2716.94,43.85,118.78125,90.421,1311.31
2018-03-21,2711.93,45.3,118.953125,89.704,1332.24
2018-03-22,2643.69,44.66,119.375,89.815,1329.03
2018-03-23,2588.26,45.65,119.484375,89.484,1347.33
2018-03-26,2658.55,45.48,119.203125,89.076,1353.5
2018-03-27,2612.62,45.12,119.796875,89.329,1345.05
2018-03-28,2605.0,45.29,119.671875,90.078,1325.01
2018-03-29,2640.87,45.56,119.84375,90.091,1325.5
2018-03-30,,,,89.974,1325.48
2018-04-02,2581.88,44.39,120.03125,90.024,1341.29
2018-04-03,2614.45,44.79,119.703125,90.187,1332.74
2018-04-04,2644.69,44.85,119.515625,90.124,1333.19
2018-04-05,2662.84,45.0,119.375,90.446,1326.57
2018-04-06,2604.47,43.97,119.828125,90.072,1333.03
2018-04-09,2613.16,45.06,119.75,89.829,1336.35
2018-04-10,2656.87,46.67,119.578125,89.624,1339.64
2018-04-11,2642.19,47.26,119.703125,89.518,1353.38
2018-04-12,2663.99,47.43,119.265625,89.767,1334.94
2018-04-13,2656.3,47.7,119.3125,89.77,1346.2
2018-04-16,2677.84,47.01,119.28125,89.429,1345.93
2018-04-17,2706.39,47.1,119.265625,89.483,1347.52
2018-04-18,2708.64,48.47,118.9375,89.605,1349.41
2018-04-19,2693.13,48.35,118.671875,89.901,1345.53
2018-04-20,2670.14,48.42,118.296875,90.264,1336.36
2018-04-23,2670.29,49.28,118.140625,90.927,1324.83
2018-04-24,2634.56,48.52,118.015625,90.795,1330.35
2018-04-25,2639.4,48.65,117.859375,91.254,1323.13
2018-04-26,2666.94,49.1,118.1875,91.581,1316.8
2018-04-27,2669.91,48.9,118.328125,91.529,1324.0
2018-04-30,2648.05,49.37,118.328125,91.821,1315.39
2018-05-01,2654.8,48.5,118.265625,92.459,1303.85
2018-05-02,2635.67,48.3,118.328125,92.711,1304.96
2018-05-03,2629.73,48.7,118.5,92.436,1312.06
2018-05-04,2663.42,49.57,118.46875,92.571,1314.5
2018-05-07,2672.63,49.94,118.484375,92.768,1314.21
2018-05-08,2671.92,50.2,118.265625,93.084,1314.63
2018-05-09,2697.79,51.14,118.046875,93.123,1312.72
2018-05-10,2723.07,51.24,118.234375,92.719,1321.6
2018-05-11,2727.72,51.01,118.203125,92.554,1319.3
2018-05-14,2730.13,51.9,117.984375,92.671,1313.5
2018-05-15,2711.45,51.64,117.484375,93.283,1290.53
2018-05-16,2722.46,52.43,117.328125,93.324,1290.73
2018-05-17,2720.13,52.59,117.296875,93.471,1290.79
2018-05-18,2712.97,52.02,117.71875,93.664,1293.04
2018-05-21,2733.01,52.49,117.71875,93.537,1292.6
2018-05-22,2724.44,52.51,117.71875,93.596,1291.14
2018-05-23,2733.29,52.68,118.234375,93.951,1293.41
2018-05-24,2727.76,52.1,118.3125,93.775,1304.63
2018-05-25,2721.33,50.45,118.8125,94.253,1302.25
2018-05-28,,49.78,,94.418,1299.04
2018-05-29,2689.86,49.86,119.9375,94.82,1298.77
2018-05-30,2724.01,51.21,119.3125,94.069,1301.38
2018-05-31,2705.27,51.28,119.296875,93.979,1298.51
2018-06-01,2734.62,50.69,118.890625,94.156,1293.4
2018-06-04,2746.87,49.8,118.5625,94.038,1292.02
2018-06-05,2748.8,49.53,118.75,93.876,1296.4
2018-06-06,2772.35,50.13,118.421875,93.614,1296.4
2018-06-07,2770.37,51.17,118.796875,93.435,1297.18
2018-06-08,2779.03,50.44,118.625,93.535,1298.17
2018-06-11,2782.0,50.46,118.578125,93.608,1300.49
2018-06-12,2786.85,49.84,118.515625,93.818,1295.97
2018-06-13,2775.63,50.59,118.390625,93.544,1299.31
2018-06-14,2782.49,50.15,118.59375,94.879,1302.25
2018-06-15,2779.66,48.24,118.71875,94.788,1278.94
2018-06-18,2773.75,49.86,118.765625,94.756,1278.32
2018-06-19,2762.59,49.6,118.9375,95.013,1274.66
2018-06-20,2767.32,49.1,118.640625,95.124,1267.86
2018-06-21,2749.76,48.5,118.96875,94.862,1267.19
2018-06-22,2754.88,49.91,119.0,94.52,1270.56
2018-06-25,2717.07,49.39,119.078125,94.289,1265.64
2018-06-26,2723.06,50.6,119.125,94.676,1259.04
2018-06-27,2699.63,51.06,119.515625,95.29,1252.35
2018-06-28,2716.31,51.38,119.40625,95.312,1248.25
2018-06-29,2718.37,52.48,119.25,94.47,1252.6
2018-07-02,2726.71,51.4,119.171875,94.871,1242.04
2018-07-03,2713.22,51.66,119.484375,94.591,1252.73
2018-07-04,,51.84,,94.531,1254.99
2018-07-05,2736.61,51.43,119.46875,94.395,1257.91
2018-07-06,2759.82,51.27,119.5,93.963,1255.48
2018-07-09,2784.17,51.86,119.265625,94.077,1257.68
2018-07-10,2793.84,52.31,119.3125,94.158,1255.54
2018-07-11,2774.02,49.2,119.296875,94.719,1241.96
2018-07-12,2798.29,49.43,119.34375,94.827,1247.39
2018-07-13,2801.31,49.69,119.515625,94.677,1244.32
2018-07-16,2798.43,47.67,119.28125,94.511,1240.93
2018-07-17,2809.55,47.49,119.25,94.985,1227.54
2018-07-18,2815.62,48.46,119.203125,95.085,1227.51
2018-07-19,2804.49,48.17,119.453125,95.164,1222.97
2018-07-20,2801.83,48.42,119.125,94.476,1229.53
2018-07-23,2806.98,48.37,118.671875,94.632,1224.5
2018-07-24,2820.4,48.92,118.6875,94.613,1224.52
2018-07-25,2846.07,49.35,118.46875,94.233,1231.63
2018-07-26,2837.44,49.41,118.4375,94.785,1222.69
2018-07-27,2818.82,49.34,118.625,94.669,1224.22
2018-07-30,2802.6,49.55,118.5,94.348,1221.45
2018-07-31,2816.29,49.25,118.546875,94.554,1224.15
2018-08-01,2813.36,48.21,118.265625,94.661,1215.96
2018-08-02,2827.22,48.72,118.4375,95.17,1207.83
2018-08-03,2840.35,48.74,118.734375,95.161,1214.9
2018-08-06,2850.4,48.9,118.828125,95.358,1207.64
2018-08-07,2858.45,49.43,118.578125,95.186,1210.97
2018-08-08,2857.7,47.95,118.671875,95.092,1213.88
2018-08-09,2853.58,47.81,118.890625,95.614,1212.47
2018-08-10,2833.28,48.43,119.359375,96.266,1210.57
2018-08-13,2821.93,48.35,119.3125,96.44,1193.5
2018-08-14,2839.96,47.9,119.1875,96.661,1194.09
2018-08-15,2818.37,47.01,119.46875,96.714,1174.85
2018-08-16,2840.69,47.42,119.4375,96.598,1174.16
2018-08-17,2850.13,47.7,119.453125,96.132,1184.25
2018-08-20,2857.05,47.86,119.796875,95.729,1190.48
2018-08-21,2862.96,48.34,119.6875,95.227,1195.99
2018-08-22,2861.82,49.73,119.75,95.084,1195.8
2018-08-23,2856.98,49.59,119.640625,95.64,1185.56
2018-08-24,2874.69,50.07,119.75,95.164,1205.35
2018-08-27,2896.74,50.62,119.46875,94.758,1211.38
2018-08-28,2897.52,50.4,119.25,94.717,1201.0
2018-08-29,2914.04,51.37,119.1875,94.529,1206.6
2018-08-30,2901.13,51.46,119.421875,94.698,1199.98
2018-08-31,2901.52,51.41,119.453125,95.099,1201.15
2018-09-03,,51.61,,95.135,1201.27
2018-09-04,2896.72,51.51,119.171875,95.416,1191.52
2018-09-05,2888.6,51.02,119.1875,95.1,1196.73
2018-09-06,2878.05,50.7,119.421875,95.029,1199.98
2018-09-07,2871.68,51.01,118.875,95.339,1196.93
2018-09-10,2877.13,51.18,118.90625,95.148,1195.88
2018-09-11,2887.89,52.6,118.546875,95.106,1198.59
2018-09-12,2888.92,52.76,118.640625,94.807,1206.24
2018-09-13,2904.18,51.89,118.59375,94.54,1201.47
2018-09-14,2904.98,51.67,118.375,94.949,1194.85
2018-09-17,2888.8,51.6,118.46875,94.507,1201.46
2018-09-18,2904.31,52.2,117.953125,94.613,1198.36
2018-09-19,2907.95,52.49,117.90625,94.544,1204.04
2018-09-20,2930.75,52.07,117.921875,93.895,1207.18
2018-09-21,2929.67,52.11,117.921875,94.216,1200.04
2018-09-24,2919.37,53.85,117.765625,94.253,1199.03
2018-09-25,2915.56,53.92,117.71875,94.144,1201.22
2018-09-26,2905.97,54.09,118.046875,94.281,1194.44
2018-09-27,2914.0,54.04,118.015625,94.986,1182.83
2018-09-28,2913.98,54.71,117.96875,95.134,1190.88
2018-10-01,2924.59,56.03,117.875,95.308,1188.99
2018-10-02,2923.43,55.82,118.0,95.481,1203.32
2018-10-03,2925.51,56.79,117.1875,95.989,1197.35
2018-10-04,2901.61,55.98,117.171875,95.768,1199.92
2018-10-05,2885.57,55.47,116.875,95.595,1203.63
2018-10-08,2884.43,55.24,116.890625,95.752,1188.08
2018-10-09,2880.34,55.97,117.0625,95.681,1189.77
2018-10-10,2785.68,54.48,117.4375,95.459,1194.79
2018-10-11,2728.37,53.0,117.5,95.037,1224.09
2018-10-12,2767.13,53.16,117.40625,95.233,1217.05
2018-10-15,2750.79,53.26,117.453125,95.039,1227.06
2018-10-16,2809.92,53.79,117.390625,95.091,1224.95
2018-10-17,2809.21,53.0,117.109375,95.653,1222.29
2018-10-18,2768.78,52.33,117.34375,95.978,1225.81
2018-10-19,2767.78,52.78,117.234375,95.642,1226.49
2018-10-22,2755.88,52.75,117.21875,96.022,1222.1
2018-10-23,2740.69,50.28,117.484375,95.949,1230.3
2018-10-24,2656.1,49.91,118.0,96.367,1233.79
2018-10-25,2705.57,50.61,117.90625,96.596,1232.17
2018-10-26,2658.69,51.26,118.25,96.319,1233.53
2018-10-29,2641.25,50.69,118.15625,96.687,1229.42
2018-10-30,2682.63,50.15,117.90625,97.007,1222.93
2018-10-31,2711.74,49.77,117.78125,97.105,1214.76
2018-11-01,2740.37,48.54,117.890625,96.298,1233.43
2018-11-02,2723.06,48.45,117.296875,96.496,1232.89
2018-11-05,2738.31,48.51,117.375,96.32,1231.49
2018-11-06,2755.45,47.81,117.171875,96.264,1227.19
2018-11-07,2813.89,48.04,117.046875,96.17,1226.49
2018-11-08,2806.83,47.35,117.0,96.637,1224.0
2018-11-09,2781.01,46.63,117.40625,96.9,1209.65
2018-11-12,2726.22,46.02,117.6875,97.643,1200.37
2018-11-13,2722.18,43.6,117.78125,96.962,1202.23
2018-11-14,2701.58,43.94,117.921875,96.987,1210.88
2018-11-15,2730.2,44.46,118.0625,97.104,1213.36
2018-11-16,2736.27,44.77,118.484375,96.427,1223.36
2018-11-19,2690.73,44.71,118.484375,96.165,1224.17
2018-11-20,2641.89,41.66,118.421875,96.821,1221.66
2018-11-21,2649.93,42.34,118.4375,96.714,1226.04
2018-11-22,,41.71,,96.491,1228.64
2018-11-23,2632.56,39.49,118.5625,96.944,1223.05
2018-11-26,2673.45,40.31,118.5,97.051,1222.4
2018-11-27,2682.17,40.62,118.4375,97.369,1215.05
2018-11-28,2743.79,39.11,118.53125,96.834,1221.23
2018-11-29,2737.76,39.54,118.6875,96.787,1224.21
2018-11-30,2760.17,39.15,119.0,97.197,1220.52
2018-12-03,2790.37,41.03,119.0625,96.948,1230.67
2018-12-04,2700.06,40.64,119.421875,96.96,1238.54
2018-12-05,,40.84,,96.994,1237.29
2018-12-06,2695.95,39.97,119.625,96.774,1237.78
2018-12-07,2633.08,40.7,120.046875,96.713,1249.31
2018-12-10,2637.72,39.64,119.953125,97.191,1244.46
2018-12-11,2636.78,40.07,119.75,97.46,1243.25
2018-12-12,2651.07,39.89,119.53125,96.993,1245.66
2018-12-13,2650.54,40.9,119.546875,97.093,1241.99
2018-12-14,2599.95,39.93,119.71875,97.424,1239.02
2018-12-17,2545.94,38.88,119.96875,97.128,1245.85
2018-12-18,2546.16,37.17,120.25,96.981,1249.42
2018-12-19,2506.96,37.48,120.609375,96.978,1243.08
2018-12-20,2467.42,36.26,120.28125,96.407,1259.86
2018-12-21,2416.62,35.46,120.359375,96.95,1256.94
2018-12-24,2351.1,33.47,120.84375,96.614,1269.22
2018-12-25,,,,96.581,1268.54
2018-12-26,2467.7,36.36,120.265625,97.013,1267.14
2018-12-27,2488.83,35.13,120.671875,96.572,1275.71
2018-12-28,2485.74,34.62,121.046875,96.391,1280.71
2018-12-31,2506.85,35.5,121.203125,96.023,1282.49
2019-01-01,,,,96.085,1282.6
2019-01-02,2510.03,35.85,121.8125,96.667,1284.59
2019-01-03,2447.89,36.42,122.46875,96.271,1294.28
2019-01-04,2531.94,37.65,121.5,96.199,1286.05
2019-01-07,2549.69,37.75,121.25,95.659,1289.21
2019-01-08,2574.41,38.41,120.953125,95.905,1285.39
2019-01-09,2584.96,40.22,121.109375,95.136,1293.56
2019-01-10,2596.64,40.11,120.921875,95.55,1286.65
2019-01-11,2596.26,39.73,121.234375,95.664,1290.25
2019-01-14,2582.61,38.89,121.25,95.581,1291.72
2019-01-15,2610.3,39.69,121.15625,95.958,1289.51
2019-01-16,2616.1,40.19,121.0625,96.072,1293.67
2019-01-17,2635.96,40.09,120.8125,96.072,1292.05
2019-01-18,2670.71,41.03,120.453125,96.364,1282.11
2019-01-21,,41.18,,96.32,1280.47
2019-01-22,2632.9,40.39,120.796875,96.302,1285.22
2019-01-23,2638.7,39.99,120.796875,96.115,1282.72
2019-01-24,2642.33,40.12,121.015625,96.567,1281.21
2019-01-25,2664.76,40.33,120.625,95.813,1305.25
2019-01-28,2643.85,39.4,120.78125,95.76,1303.36
2019-01-29,2640.0,40.13,121.078125,95.807,1311.79
2019-01-30,2681.05,40.49,121.4375,95.414,1319.91
2019-01-31,2704.1,40.59,121.765625,95.558,1321.25
2019-02-01,2706.53,41.7,121.296875,95.616,1317.98
2019-02-04,2724.87,41.65,121.015625,95.834,1312.25
2019-02-05,2737.7,41.18,121.1875,96.074,1315.32
2019-02-06,2731.61,41.47,121.25,96.384,1306.6
2019-02-07,2706.05,40.89,121.53125,96.568,1310.11
2019-02-08,2707.88,41.08,121.640625,96.638,1314.29
2019-02-11,2709.8,40.82,121.484375,97.055,1308.12
2019-02-12,2744.73,41.51,121.234375,96.694,1310.8
2019-02-13,2753.03,42.16,121.078125,97.2,1306.27
2019-02-14,2745.73,42.8,121.46875,97.02,1312.57
2019-02-15,2775.6,44.01,121.359375,96.924,1322.49
2019-02-18,,44.09,,96.779,1326.89
2019-02-19,2779.76,44.05,121.609375,96.526,1340.94
2019-02-20,2784.7,44.54,121.53125,96.513,1338.44
2019-02-21,2774.88,44.38,121.15625,96.61,1323.63
2019-02-22,2792.67,44.36,121.4375,96.487,1329.4
2019-02-25,2796.11,42.93,121.421875,96.415,1327.58
2019-02-26,2793.9,43.52,121.609375,96.035,1328.96
2019-02-27,2792.38,43.91,121.296875,96.114,1319.86
2019-02-28,2784.49,43.77,120.96875,96.222,1313.32
2019-03-01,2803.69,42.92,120.671875,96.437,1293.44
2019-03-04,2792.81,43.29,120.890625,96.638,1286.74
2019-03-05,2789.65,43.3,120.90625,96.891,1288.01
2019-03-06,2771.45,43.54,121.140625,96.877,1286.36
2019-03-07,2748.93,43.64,121.59375,97.599,1285.61
2019-03-08,2743.07,43.46,121.71875,97.359,1298.3
2019-03-11,2783.3,44.0,121.65625,96.996,1293.35
2019-03-12,2791.52,44.12,121.890625,96.987,1301.58
2019-03-13,2810.92,44.67,121.71875,96.473,1309.12
2019-03-14,2808.48,44.36,121.703125,96.721,1296.17
2019-03-15,2822.48,44.26,121.984375,96.489,1302.4
2019-03-18,2832.94,44.53,121.84375,96.527,1303.71
2019-03-19,2832.57,44.71,121.75,96.41,1306.56
2019-03-20,2824.23,45.1,122.46875,95.919,1312.53
2019-03-21,2854.88,44.73,122.359375,96.345,1309.36
2019-03-22,2800.71,44.3,123.109375,96.545,1313.68
2019-03-25,2798.36,44.44,123.5,96.517,1321.9
2019-03-26,2818.46,44.93,123.3125,96.781,1315.71
2019-03-27,2805.37,44.79,123.703125,96.954,1309.55
2019-03-28,2815.44,44.9,123.390625,97.207,1290.42
2019-03-29,2834.4,45.16,123.25,97.211,1292.38
2019-04-01,2867.19,46.24,122.578125,97.338,1287.72
2019-04-02,2867.24,46.51,122.796875,97.306,1292.46
2019-04-03,2873.4,46.48,122.4375,97.091,1289.93
2019-04-04,2879.39,46.34,122.53125,97.293,1292.21
2019-04-05,2892.74,47.12,122.625,97.363,1291.76
2019-04-08,2895.77,47.53,122.453125,97.061,1297.48
2019-04-09,2878.2,47.35,122.609375,97.017,1304.1
2019-04-10,2888.21,47.85,122.859375,96.912,1307.99
2019-04-11,2888.32,47.45,122.609375,97.164,1292.52
2019-04-12,2907.41,47.83,122.046875,96.85,1290.43
2019-04-15,2905.58,47.67,122.15625,96.94,1287.95
2019-04-16,2907.06,48.04,121.859375,97.051,1276.79
2019-04-17,2900.45,47.89,121.84375,97.015,1273.98
2019-04-18,2905.03,48.14,122.125,97.428,1275.82
2019-04-19,,,,97.378,1275.52
2019-04-22,2907.97,49.64,121.953125,97.283,1274.99
2019-04-23,2933.68,49.71,122.171875,97.59,1272.42
2019-04-24,2927.25,49.79,122.53125,98.054,1275.76
2019-04-25,2926.17,49.69,122.40625,98.146,1277.17
2019-04-26,2939.88,47.85,122.703125,98.051,1286.16
2019-04-29,2943.03,48.11,122.515625,97.851,1279.9
2019-04-30,2945.83,48.66,122.703125,97.52,1283.53
2019-05-01,2923.73,48.92,122.625,97.616,1276.76
2019-05-02,2917.52,47.77,122.265625,97.834,1270.69
2019-05-03,2945.64,48.06,122.40625,97.478,1279.11
2019-05-06,2932.47,48.2,122.84375,97.554,1281.1
2019-05-07,2884.05,47.44,122.9375,97.553,1284.43
2019-05-08,2879.42,47.75,122.75,97.593,1280.88
2019-05-09,2870.72,47.75,123.0625,97.418,1284.08
2019-05-10,2881.4,48.11,122.875,97.323,1286.05
2019-05-13,2811.87,47.5,123.4375,97.35,1299.91
2019-05-14,2834.41,48.2,123.390625,97.515,1296.92
2019-05-15,2850.96,48.85,123.6875,97.555,1296.49
2019-05-16,2876.32,49.41,123.515625,97.825,1286.72
2019-05-17,2859.53,49.0,123.515625,98.013,1277.53
2019-05-20,2840.23,48.93,123.28125,97.93,1277.82
2019-05-21,2864.36,48.92,123.140625,98.019,1274.68
2019-05-22,2856.27,48.15,123.484375,98.087,1273.34
2019-05-23,2822.24,46.17,123.953125,97.853,1283.45
2019-05-24,2826.06,47.03,124.015625,97.608,1284.93
2019-05-27,,47.54,,97.734,1285.36
2019-05-28,2802.39,47.64,124.40625,97.942,1279.33
2019-05-29,2783.02,47.35,124.375,98.136,1279.78
2019-05-30,2788.86,45.26,124.765625,98.171,1288.65
2019-05-31,2752.06,43.78,125.515625,97.609,1305.58
2019-06-03,2744.45,43.17,126.0,97.218,1325.31
2019-06-04,2803.27,43.52,125.46875,97.122,1325.52
2019-06-05,2826.15,42.88,125.53125,97.302,1330.32
2019-06-06,2843.49,44.11,125.625,96.991,1335.33
2019-06-07,2873.34,44.82,125.890625,96.563,1340.86
2019-06-10,2886.73,44.17,125.359375,96.771,1327.98
2019-06-11,2885.72,43.99,125.421875,96.71,1326.84
2019-06-12,2879.84,42.37,125.703125,96.957,1333.58
2019-06-13,2891.64,43.48,125.96875,97.032,1342.31
2019-06-14,2886.98,43.97,126.0625,97.449,1341.7
2019-06-17,2889.67,43.19,125.875,97.529,1339.66
2019-06-18,2917.75,44.16,126.140625,97.636,1346.61
2019-06-19,2926.46,44.14,126.5,97.225,1360.38
2019-06-20,2954.18,45.86,126.421875,96.624,1388.44
2019-06-21,2950.46,46.32,126.25,96.093,1399.63
2019-06-24,2945.35,45.92,126.609375,96.002,1419.72
2019-06-25,2917.38,46.67,126.796875,96.175,1423.44
2019-06-26,2913.78,47.04,126.265625,96.172,1409.0
2019-06-27,2924.92,47.01,126.484375,96.217,1409.78
2019-06-28,2941.76,47.14,126.546875,96.13,1409.55
2019-07-01,2964.33,47.63,126.375,96.806,1384.19
2019-07-02,2973.01,45.65,126.78125,96.743,1418.65
2019-07-03,2995.82,46.59,126.875,96.758,1418.78
2019-07-04,,46.14,,96.72,1416.08
2019-07-05,2990.41,47.06,126.203125,97.174,1399.45
2019-07-08,2975.95,46.66,126.015625,97.363,1395.53
2019-07-09,2979.63,47.13,125.875,97.499,1397.61
2019-07-10,2993.07,48.73,126.0625,97.08,1419.02
2019-07-11,2999.91,48.79,125.484375,97.057,1403.81
2019-07-12,3013.77,48.93,125.640625,96.722,1415.75
2019-07-15,3014.3,48.34,125.84375,96.923,1414.13
2019-07-16,3004.04,47.03,125.703125,97.374,1406.23
2019-07-17,2984.42,46.45,126.109375,97.184,1426.57
2019-07-18,2995.11,45.71,126.4375,96.683,1446.1
2019-07-19,2976.61,45.75,126.078125,97.074,1425.37
2019-07-22,2985.03,46.23,126.171875,97.294,1424.88
2019-07-23,3005.47,46.89,125.96875,97.695,1417.83
2019-07-24,3019.56,46.1,126.1875,97.679,1425.86
2019-07-25,3003.67,46.07,125.890625,97.785,1414.58
2019-07-26,3025.86,46.29,125.96875,97.905,1418.9
2019-07-29,3020.97,46.61,126.015625,98.057,1426.8
2019-07-30,3013.18,47.46,126.015625,98.065,1430.88
2019-07-31,2980.38,47.6,126.171875,98.568,1413.78
2019-08-01,2953.56,45.25,127.3125,98.394,1445.18
2019-08-02,2932.05,45.34,127.5625,98.096,1440.83
2019-08-05,2844.74,44.51,128.59375,97.385,1463.7
2019-08-06,2881.77,43.46,128.640625,97.582,1474.42
2019-08-07,2883.98,42.58,128.359375,97.621,1501.16
2019-08-08,2938.09,42.81,128.484375,97.575,1500.95
2019-08-09,2918.65,43.3,128.171875,97.034,1496.95
2019-08-12,2883.75,43.27,128.921875,97.39,1511.16
2019-08-13,2926.32,45.15,128.296875,97.826,1501.51
2019-08-14,2840.6,43.73,129.09375,97.953,1516.36
2019-08-15,2847.6,43.29,129.53125,98.153,1523.29
2019-08-16,2888.68,43.47,129.421875,98.203,1513.52
2019-08-19,2923.65,44.28,128.96875,98.358,1495.92
2019-08-20,2900.51,44.51,129.359375,98.154,1507.2
2019-08-21,2924.43,44.76,129.0625,98.256,1502.65
2019-08-22,2922.95,44.51,128.875,98.207,1498.06
2019-08-23,2847.11,43.69,129.5,97.263,1526.96
2019-08-26,2878.38,43.64,129.5,98.04,1527.31
2019-08-27,2869.16,44.51,129.875,98.007,1542.81
2019-08-28,2887.94,44.79,129.875,98.198,1539.01
2019-08-29,2924.58,45.22,129.6875,98.45,1527.63
2019-08-30,2926.46,44.79,129.6875,98.807,1520.38
2019-09-02,,44.35,,99.04,1529.29
2019-09-03,2906.27,44.1,130.125,98.956,1547.1
2019-09-04,2937.78,45.73,130.140625,98.397,1552.55
2019-09-05,2976.0,46.01,129.25,98.374,1519.05
2019-09-06,2978.71,46.75,129.203125,98.012,1506.82
2019-09-09,2978.43,47.46,128.609375,98.299,1499.13
2019-09-10,2979.39,47.46,127.84375,98.325,1485.78
2019-09-11,3000.93,46.18,127.828125,98.628,1497.2
2019-09-12,3009.57,45.78,127.5625,98.36,1499.26
2019-09-13,3007.39,45.59,126.546875,97.858,1488.53
2019-09-16,2997.96,51.47,126.984375,98.642,1498.43
2019-09-17,3005.7,48.55,127.3125,98.211,1501.38
2019-09-18,3006.73,48.09,127.25,98.552,1494.0
2019-09-19,3006.79,49.04,127.4375,98.357,1499.03
2019-09-20,2992.07,49.02,127.875,98.462,1516.9
2019-09-23,2991.78,48.72,127.875,98.614,1522.24
2019-09-24,2966.6,47.19,128.546875,98.325,1531.87
2019-09-25,2984.87,47.31,127.859375,99.013,1504.05
2019-09-26,2977.62,47.37,128.1875,99.206,1504.78
2019-09-27,2961.79,46.85,128.21875,99.126,1497.01
2019-09-30,2976.74,45.97,128.296875,99.392,1472.49
2019-10-01,2940.25,45.8,128.625,99.168,1479.14
2019-10-02,2887.61,44.5,129.015625,99.02,1499.45
2019-10-03,2910.63,44.57,129.640625,98.912,1505.19
2019-10-04,2952.01,45.2,129.65625,98.84,1504.66
2019-10-07,2938.79,45.21,129.40625,98.982,1493.5
2019-10-08,2893.06,44.96,129.65625,99.116,1505.51
2019-10-09,2919.4,45.11,129.234375,99.11,1505.57
2019-10-10,2938.13,46.05,128.53125,98.691,1493.99
2019-10-11,2970.27,46.94,128.015625,98.332,1489.01
2019-10-14,2966.15,45.76,128.21875,98.434,1493.21
2019-10-15,2995.68,45.56,127.6875,98.308,1481.01
2019-10-16,2989.69,45.69,127.984375,98.01,1490.13
2019-10-17,2997.95,46.3,127.84375,97.558,1491.87
2019-10-18,2986.2,45.87,127.890625,97.141,1490.05
2019-10-21,3006.72,45.7,127.515625,97.32,1484.5
2019-10-22,2995.99,46.1,127.796875,97.517,1487.68
2019-10-23,3004.52,47.28,127.75,97.463,1492.12
2019-10-24,3010.29,47.51,127.796875,97.665,1503.98
2019-10-25,3022.55,47.98,127.53125,97.826,1504.63
2019-10-28,3039.42,47.63,127.171875,97.742,1492.51
2019-10-29,3036.89,47.65,127.1875,97.68,1487.72
2019-10-30,3046.77,46.9,127.65625,97.451,1495.66
2019-10-31,3037.56,46.58,128.234375,97.331,1512.99
2019-11-01,3066.91,48.18,128.078125,97.121,1514.34
2019-11-04,3078.27,48.62,127.609375,97.563,1509.82
2019-11-05,3074.62,49.29,126.953125,97.908,1483.61
2019-11-06,3076.78,48.37,127.203125,97.949,1490.57
2019-11-07,3085.18,48.83,126.421875,98.13,1468.48
2019-11-08,3093.08,49.01,126.25,98.402,1459.0
2019-11-11,3087.01,48.77,126.40625,98.216,1455.86
2019-11-12,3091.84,48.53,126.328125,98.326,1456.32
2019-11-13,3094.04,49.03,126.71875,98.317,1463.58
2019-11-14,3096.63,48.85,127.265625,98.147,1471.4
2019-11-15,3120.46,49.67,127.140625,98.0,1468.21
2019-11-18,3122.03,48.76,127.234375,97.821,1471.51
2019-11-19,3120.18,47.6,127.40625,97.83,1472.46
2019-11-20,3108.46,48.88,127.6875,97.875,1471.61
2019-11-21,3103.54,49.89,127.421875,97.957,1464.41
2019-11-22,3110.29,49.71,127.390625,98.266,1461.93
2019-11-25,3133.64,49.79,127.5,98.285,1455.26
2019-11-26,3140.52,50.16,127.609375,98.251,1461.39
2019-11-27,3153.63,50.2,127.3125,98.32,1454.44
2019-11-28,,50.04,,98.326,1456.27
2019-11-29,3140.98,,127.265625,98.271,1463.98
2019-12-02,3113.87,50.17,126.9375,97.886,1462.44
2019-12-03,3093.2,50.39,127.796875,97.729,1477.61
2019-12-04,3112.76,51.93,127.359375,97.602,1474.59
2019-12-05,3117.43,52.14,127.046875,97.391,1476.0
2019-12-06,3145.91,52.95,126.796875,97.677,1460.17
2019-12-09,3135.96,52.76,126.921875,97.648,1461.68
2019-12-10,3132.52,52.88,126.734375,97.523,1464.39
2019-12-11,3141.63,52.69,127.109375,97.078,1474.88
2019-12-12,3168.57,53.13,126.328125,96.736,1469.8
2019-12-13,3168.8,53.55,126.859375,97.175,1476.33
2019-12-16,3191.45,53.79,126.4375,97.143,1476.18
2019-12-17,3192.52,54.21,126.375,97.184,1476.22
2019-12-18,3191.14,54.5,126.109375,97.405,1475.4
2019-12-19,3205.37,54.84,126.0625,97.402,1478.8
2019-12-20,3221.22,54.46,126.125,97.68,1478.22
2019-12-23,3224.01,54.86,126.015625,97.669,1485.79
2019-12-24,3223.38,55.38,126.25,97.685,1499.41
2019-12-25,,,,97.632,1499.84
2019-12-26,3239.91,55.99,126.3125,97.559,1511.53
2019-12-27,3240.02,56.19,126.484375,97.014,1510.56
2019-12-30,3221.29,56.36,126.46875,96.741,1515.16
2019-12-31,3230.78,55.82,126.15625,96.529,1517.27
2020-01-01,,,,96.445,1517.29
2020-01-02,3257.85,56.08,126.5,96.8,1529.13
2020-01-03,3234.85,58.07,127.25,96.896,1552.2
2020-01-06,3246.28,57.95,127.140625,96.619,1565.74
2020-01-07,3237.18,57.91,127.078125,96.969,1574.37
2020-01-08,3253.05,55.6,126.65625,97.317,1556.42
2020-01-09,3274.7,55.21,126.734375,97.418,1552.32
2020-01-10,3265.35,55.03,126.984375,97.349,1562.34
2020-01-13,3288.13,54.29,126.765625,97.376,1547.88
2020-01-14,3283.15,54.49,127.0625,97.387,1546.39
2020-01-15,3289.29,54.33,127.25,97.203,1556.25
2020-01-16,3316.81,54.67,127.015625,97.303,1552.51
2020-01-17,3329.62,55.24,127.015625,97.637,1557.24
2020-01-20,,55.13,,97.61,1560.77
2020-01-21,3320.79,54.51,127.40625,97.611,1558.17
2020-01-22,3321.75,52.97,127.390625,97.498,1558.78
2020-01-23,3325.54,52.47,127.6875,97.686,1562.94
2020-01-24,3295.47,51.19,128.078125,97.884,1571.53
2020-01-27,3243.63,49.8,128.6875,97.939,1582.06
2020-01-28,3276.24,50.74,128.34375,97.974,1567.17
2020-01-29,3273.4,50.38,128.9375,98.064,1576.83
2020-01-30,3283.66,50.02,128.90625,97.865,1574.28
2020-01-31,3225.52,49.19,129.59375,97.362,1589.16
2020-02-03,3248.92,47.05,129.328125,97.804,1576.73
2020-02-04,3297.59,46.73,128.765625,97.933,1552.92
2020-02-05,3334.69,48.25,128.375,98.258,1556.02
2020-02-06,3345.78,47.85,128.40625,98.473,1566.66
2020-02-07,3327.71,47.31,128.84375,98.699,1570.44
2020-02-10,3352.09,46.36,128.984375,98.855,1572.15
2020-02-11,3357.75,47.1,128.734375,98.747,1567.89
2020-02-12,3379.45,48.93,128.484375,99.014,1566.06
2020-02-13,3373.94,49.01,128.578125,99.103,1576.0
2020-02-14,3380.16,49.69,128.828125,99.161,1584.06
2020-02-17,,49.95,,99.145,1581.13
2020-02-18,3370.29,50.07,129.015625,99.446,1601.61
2020-02-19,3386.15,51.51,128.921875,99.588,1611.7
2020-02-20,3373.23,51.33,129.3125,99.877,1619.56
2020-02-21,3337.75,50.66,129.65625,99.337,1643.41
2020-02-24,3225.89,48.8,130.546875,99.29,1659.38
2020-02-25,3128.21,47.63,130.703125,98.999,1635.14
2020-02-26,3116.39,46.34,130.859375,99.144,1640.96
2020-02-27,2978.76,44.59,131.546875,98.386,1645.01
2020-02-28,2954.22,43.84,132.484375,98.127,1585.69
2020-03-02,3090.23,46.44,132.359375,97.502,1589.44
2020-03-03,3003.37,45.16,133.796875,97.15,1640.9
2020-03-04,3130.12,45.08,133.359375,97.374,1636.93
2020-03-05,3023.94,43.92,134.390625,96.6,1672.23
2020-03-06,2972.37,39.82,135.359375,96.093,1673.83
2020-03-09,2746.56,29.25,136.828125,95.071,1680.47
2020-03-10,2882.23,33.07,135.03125,96.492,1649.4
2020-03-11,2741.38,31.37,135.046875,96.6,1635.04
2020-03-12,2480.64,28.67,135.859375,97.489,1576.15
2020-03-13,2711.02,30.61,134.046875,98.691,1529.83
2020-03-16,2386.13,26.12,135.875,97.997,1514.1
2020-03-17,2529.19,25.25,133.109375,99.51,1528.3
2020-03-18,2398.1,23.12,132.296875,100.926,1486.05
2020-03-19,2409.39,24.59,132.953125,102.928,1471.24
2020-03-20,2304.92,23.82,135.234375,101.947,1498.65
2020-03-23,2237.4,24.09,135.921875,102.476,1553.23
2020-03-24,2447.33,24.25,135.15625,101.792,1632.32
2020-03-25,2475.56,24.08,135.0625,100.933,1616.9
2020-03-26,2630.07,23.52,135.1875,99.462,1631.34
2020-03-27,2541.47,21.97,136.546875,98.306,1628.16
2020-03-30,2626.65,19.88,136.234375,99.043,1622.51
2020-03-31,2584.59,19.88,136.609375,98.942,1577.18
2020-04-01,2470.5,19.63,137.078125,99.501,1591.51
2020-04-02,2526.9,22.77,136.859375,100.105,1613.99
2020-04-03,2488.65,26.57,136.875,100.682,1620.81
2020-04-06,2663.68,25.51,136.296875,100.789,1660.97
2020-04-07,2659.41,24.85,135.9375,99.962,1647.72
2020-04-08,2749.98,25.8,135.609375,100.153,1646.14
2020-04-09,2789.82,24.56,136.0,99.56,1683.73
2020-04-10,,,,99.482,1696.65
2020-04-13,2761.63,24.43,135.75,99.485,1715.34
2020-04-14,2846.06,23.07,136.0,98.856,1726.97
2020-04-15,2783.36,21.47,136.96875,99.569,1717.03
2020-04-16,2799.55,21.85,136.859375,99.936,1717.7
2020-04-17,2874.56,21.66,136.796875,99.716,1682.82
2020-04-20,2823.16,20.04,137.046875,99.946,1695.65
2020-04-21,2736.56,14.95,137.1875,100.207,1686.2
2020-04-22,2799.31,16.01,136.84375,100.343,1714.08
2020-04-23,2797.8,16.59,136.875,100.489,1730.51
2020-04-24,2836.74,16.72,136.828125,100.29,1729.6
2020-04-27,2878.48,15.34,136.4375,100.051,1713.99
2020-04-28,2863.39,16.09,136.796875,99.961,1707.79
2020-04-29,2939.51,17.4,136.765625,99.502,1713.41
2020-04-30,2912.43,19.47,136.6875,99.035,1686.5
2020-05-01,2830.71,19.43,136.875,98.682,1700.42
2020-05-04,2842.74,20.43,136.75,99.515,1702.07
2020-05-05,2868.44,23.36,136.625,99.814,1705.92
2020-05-06,2848.42,21.79,136.40625,100.165,1685.71
2020-05-07,2881.19,21.45,137.0,99.837,1716.06
2020-05-08,2929.8,22.54,136.703125,99.104,1702.7
2020-05-11,2930.32,22.04,136.546875,100.226,1697.93
2020-05-12,2870.12,21.52,136.859375,100.002,1702.7
2020-05-13,2820.0,21.54,137.015625,100.203,1716.28
2020-05-14,2852.5,22.97,137.1875,100.265,1730.3
2020-05-15,2863.7,23.91,137.109375,100.361,1743.67
2020-05-18,2953.91,25.98,136.515625,99.614,1732.55
2020-05-19,2922.94,25.23,136.84375,99.582,1745.05
2020-05-20,2971.61,26.17,136.859375,99.16,1748.18
2020-05-21,2948.51,26.25,136.859375,99.425,1727.0
2020-05-22,2955.45,25.65,136.984375,99.796,1734.68
2020-05-25,,25.98,,99.809,1731.95
2020-05-26,2991.77,26.31,136.78125,99.018,1710.58
2020-05-27,3036.13,25.03,136.859375,98.94,1709.47
2020-05-28,3029.73,25.85,136.859375,98.465,1718.33
2020-05-29,3044.31,25.79,137.125,98.295,1730.27
2020-06-01,3055.73,26.47,137.109375,97.818,1739.55
2020-06-02,3080.82,27.14,136.9375,97.68,1727.7
2020-06-03,3122.87,27.05,136.421875,97.304,1699.67
2020-06-04,3112.35,27.35,135.859375,96.757,1714.01
2020-06-05,3193.93,28.85,135.34375,96.954,1685.06
2020-06-08,3232.39,27.97,135.484375,96.703,1698.53
2020-06-09,3207.18,28.02,135.859375,96.391,1715.33
2020-06-10,3190.14,28.36,136.765625,96.054,1738.7
2020-06-11,3002.1,26.28,136.953125,96.783,1727.7
2020-06-12,3041.31,26.77,136.8125,97.089,1730.75
2020-06-15,3066.59,27.35,136.6875,96.623,1725.16
2020-06-16,3124.74,27.93,136.59375,97.029,1726.53
2020-06-17,3113.49,27.8,136.65625,97.074,1726.95
2020-06-18,3115.34,28.41,136.828125,97.449,1722.93
2020-06-19,3097.74,28.74,136.890625,97.663,1743.87
2020-06-22,3117.86,29.5,136.796875,97.014,1754.43
2020-06-23,3131.29,29.07,136.796875,96.683,1768.41
2020-06-24,3050.33,27.65,137.0,97.21,1761.17
2020-06-25,3083.76,28.39,136.9375,97.389,1763.79
2020-06-26,3009.05,27.89,137.28125,97.499,1771.29
2020-06-29,3053.24,28.58,137.484375,97.468,1772.82
2020-06-30,3100.29,28.21,137.265625,97.378,1780.96
2020-07-01,3115.86,28.52,137.09375,97.146,1770.09
2020-07-02,3130.01,29.08,137.28125,97.211,1775.38
2020-07-03,,28.99,,97.152,1775.95
2020-07-06,3179.72,29.22,137.15625,96.768,1784.68
2020-07-07,3145.32,29.14,137.375,96.973,1794.86
2020-07-08,3169.94,29.39,137.1875,96.479,1808.89
2020-07-09,3152.05,28.7,137.484375,96.774,1803.55
2020-07-10,3185.04,29.25,137.25,96.656,1798.7
2020-07-13,3155.22,28.6,137.46875,96.525,1802.76
2020-07-14,3197.52,29.2,137.453125,96.184,1809.36
2020-07-15,3226.56,29.57,137.4375,96.042,1810.29
2020-07-16,3215.57,29.41,137.546875,96.306,1797.16
2020-07-17,3224.73,29.2,137.46875,96.013,1810.42
2020-07-20,3251.84,29.26,137.546875,95.815,1817.77
2020-07-21,3257.3,29.79,137.65625,95.155,1841.91
2020-07-22,3276.02,30.0,137.640625,94.95,1871.41
2020-07-23,3235.66,29.37,137.71875,94.78,1887.44
2020-07-24,3215.63,29.42,137.671875,94.345,1902.02
2020-07-27,3239.41,29.45,137.53125,93.646,1942.24
2020-07-28,3218.44,29.32,137.8125,93.721,1958.43
2020-07-29,3258.44,29.64,137.890625,93.259,1970.79
2020-07-30,3246.22,29.39,138.078125,92.964,1956.64
2020-07-31,3271.12,29.35,138.25,93.455,1975.86
2020-08-03,3294.61,29.47,138.09375,93.515,1976.98
2020-08-04,3306.51,29.79,138.453125,93.26,2019.21
2020-08-05,3327.77,30.44,138.140625,92.805,2038.12
2020-08-06,3349.16,30.3,138.234375,92.769,2063.54
2020-08-07,3351.28,30.01,138.046875,93.391,2035.55
2020-08-10,3360.47,30.19,137.96875,93.608,2027.34
2020-08-11,3333.69,29.91,137.5,93.648,1911.89
2020-08-12,3380.35,30.43,137.234375,93.427,1915.83
2020-08-13,3373.43,30.3,137.03125,93.239,1953.71
2020-08-14,3372.85,30.19,137.25,93.095,1945.12
2020-08-17,3381.99,30.43,137.40625,92.826,1985.3
2020-08-18,3389.78,30.23,137.515625,92.307,2002.44
2020-08-19,3374.85,30.36,137.4375,93.009,1928.98
2020-08-20,3385.51,30.12,137.625,92.744,1947.26
2020-08-21,3397.16,29.72,137.765625,93.201,1940.48
2020-08-24,3431.28,30.25,137.578125,93.29,1928.88
2020-08-25,3443.62,30.92,137.40625,93.008,1928.18
2020-08-26,3478.73,30.75,137.4375,92.885,1954.46
2020-08-27,3484.55,30.31,137.03125,92.997,1929.54
2020-08-28,3508.01,30.27,137.390625,92.301,1964.83
2020-08-31,3500.31,30.03,137.46875,92.158,1967.8
2020-09-01,3526.65,30.16,137.703125,92.307,1970.18
2020-09-02,3580.84,29.25,137.828125,92.643,1942.92
2020-09-03,3455.06,28.98,137.9375,92.773,1930.91
2020-09-04,3426.96,27.91,137.328125,92.974,1933.94
2020-09-07,,27.71,,93.055,1933.64
2020-09-08,3331.84,26.21,137.671875,93.522,1932.03
2020-09-09,3398.96,26.77,137.546875,93.247,1946.84
2020-09-10,3339.19,26.17,137.703125,93.348,1946.09
2020-09-11,3340.97,26.31,137.875,93.27,1940.55
2020-09-14,3383.54,26.15,137.796875,93.054,1956.86
2020-09-15,3401.2,26.81,137.75,93.075,1954.15
2020-09-16,3385.49,27.89,137.625,93.102,1959.26
2020-09-17,3357.01,28.51,137.671875,92.909,1944.44
2020-09-18,3319.47,28.36,137.625,92.999,1950.86
2020-09-21,3281.06,27.47,137.84375,93.553,1912.51
2020-09-22,3315.57,27.54,137.828125,93.973,1900.21
2020-09-23,3236.92,27.35,137.78125,94.342,1863.34
2020-09-24,3246.59,27.52,137.8125,94.326,1868.07
2020-09-25,3298.46,27.54,137.90625,94.577,1861.58
2020-09-28,3351.6,28.01,137.953125,94.267,1881.48
2020-09-29,3335.47,26.88,137.984375,93.878,1898.07
2020-09-30,3363.0,26.98,137.765625,93.804,1885.82
2020-10-01,3380.8,26.08,137.8125,93.718,1906.01
2020-10-02,3348.44,24.92,137.65625,93.81,1899.84
2020-10-05,3408.63,26.61,137.03125,93.447,1913.53
2020-10-06,3360.95,26.82,137.375,93.844,1878.18
2020-10-07,3419.45,27.0,136.96875,93.603,1887.42
2020-10-08,3446.83,27.84,137.046875,93.572,1893.82
2020-10-09,3477.13,27.43,137.0625,93.06,1930.4
2020-10-12,3534.22,26.79,137.1875,93.032,1922.77
2020-10-13,3511.93,27.21,137.453125,93.528,1891.36
2020-10-14,3488.67,27.83,137.46875,93.396,1901.52
2020-10-15,3483.34,27.55,137.375,93.774,1908.71
2020-10-16,3483.81,27.45,137.296875,93.722,1899.29
2020-10-19,3426.92,27.2,137.109375,93.424,1904.08
2020-10-20,3443.12,27.42,137.046875,93.085,1906.95
2020-10-21,3435.56,26.72,136.78125,92.617,1924.33
2020-10-22,3453.49,27.19,136.5625,92.925,1904.11
2020-10-23,3465.39,26.64,136.59375,92.746,1902.05
2020-10-26,3400.97,25.92,136.890625,93.071,1902.08
2020-10-27,3390.68,26.09,137.15625,93.091,1907.99
2020-10-28,3271.03,24.99,137.09375,93.43,1877.19
2020-10-29,3310.11,24.1,136.75,93.929,1867.59
2020-10-30,3269.96,23.99,136.421875,93.881,1878.81
2020-11-02,3310.24,24.87,136.59375,94.037,1895.48
2020-11-03,3369.16,25.45,136.28125,93.346,1909.17
2020-11-04,3443.44,26.11,137.203125,93.472,1902.92
2020-11-05,3510.45,25.86,137.21875,92.627,1949.66
2020-11-06,3509.44,25.1,136.84375,92.236,1951.35
2020-11-09,3550.5,26.63,136.09375,92.831,1863.04
2020-11-10,3545.53,27.92,135.765625,92.717,1877.32
2020-11-11,3572.66,27.74,135.875,92.99,1865.73
2020-11-12,3537.01,27.42,136.46875,92.958,1876.83
2020-11-13,3585.15,27.02,136.359375,92.722,1889.2
2020-11-16,3626.91,27.81,136.3125,92.553,1888.95
2020-11-17,3609.53,27.74,136.625,92.435,1880.38
2020-11-18,3567.79,27.97,136.53125,92.408,1872.24
2020-11-19,3581.87,27.99,136.78125,92.342,1866.54
2020-11-20,3557.54,28.67,136.8125,92.397,1870.99
2020-11-23,3577.59,29.04,136.625,92.521,1837.86
2020-11-24,3635.41,30.36,136.546875,92.156,1807.59
2020-11-25,3629.65,30.99,136.515625,91.997,1807.56
2020-11-26,,30.25,,92.031,1815.8
2020-11-27,3638.35,30.59,136.8125,91.782,1787.79
2020-11-30,3621.63,30.16,136.8125,91.988,1776.95
2020-12-01,3662.45,29.84,136.15625,91.185,1815.24
2020-12-02,3669.01,30.29,136.15625,91.02,1831.28
2020-12-03,3666.72,30.83,136.390625,90.692,1841.08
2020-12-04,3699.12,30.96,136.046875,90.805,1838.86
2020-12-07,3691.96,30.73,136.390625,90.868,1862.73
2020-12-08,3702.25,30.85,136.40625,90.937,1870.56
2020-12-09,3672.82,30.93,136.28125,91.101,1839.55
2020-12-10,3668.1,31.84,136.5,90.777,1836.57
2020-12-11,3663.46,31.62,136.671875,90.98,1839.85
2020-12-14,3647.49,31.8,136.71875,90.712,1827.35
2020-12-15,3694.62,32.01,136.59375,90.476,1853.64
2020-12-16,3701.17,32.31,136.5625,90.25,1864.8
2020-12-17,3722.48,32.52,136.453125,89.806,1885.42
2020-12-18,3709.41,33.07,136.390625,89.924,1881.35
2020-12-21,3694.92,32.08,136.453125,90.085,1876.89
2020-12-22,3687.26,31.47,136.625,90.612,1860.84
2020-12-23,3690.01,32.28,136.453125,90.328,1872.89
2020-12-24,3703.06,32.39,136.546875,90.323,1883.46
2020-12-25,,,,90.223,
2020-12-28,3735.36,32.17,136.609375,90.289,1873.69
2020-12-29,3727.04,32.3,136.53125,89.961,1878.18
2020-12-30,3732.04,32.45,136.609375,89.606,1894.39
2020-12-31,3756.07,32.61,136.671875,89.924,1898.36
2021-01-01,,,,,1898.67
2021-01-04,3700.65,31.95,136.796875,89.896,1942.9
2021-01-05,3726.86,33.78,136.46875,89.49,1950.01
2021-01-06,3748.14,34.15,135.890625,89.408,1918.61
2021-01-07,3803.79,34.38,135.53125,89.813,1913.95
2021-01-08,3824.68,35.54,135.234375,90.066,1849.01
2021-01-11,3799.61,35.07,134.96875,90.526,1843.89
2021-01-12,3801.19,35.81,135.078125,90.041,1854.77
2021-01-13,3809.84,35.26,135.453125,90.334,1845.51
2021-01-14,3795.54,35.6,135.203125,90.243,1846.53
2021-01-15,3768.25,34.68,135.5625,90.784,1828.45
2021-01-18,,34.55,,90.778,1841.26
2021-01-19,3798.91,35.27,135.59375,90.482,1840.28
2021-01-20,3851.85,35.12,135.671875,90.431,1871.84
2021-01-21,3853.07,35.42,135.53125,90.075,1870.02
2021-01-22,3841.47,34.82,135.671875,90.212,1855.61
2021-01-25,3855.36,35.26,136.0625,90.345,1855.93
2021-01-26,3849.62,35.36,136.03125,90.173,1850.92
2021-01-27,3750.77,35.05,136.140625,90.597,1843.98
2021-01-28,3787.38,34.95,135.921875,90.538,1843.17
2021-01-29,3714.24,35.24,135.859375,90.533,1847.65
2021-02-01,3773.86,35.95,135.8125,91.008,1860.78
2021-02-02,3826.31,36.98,135.640625,91.046,1838.03
2021-02-03,3830.17,37.53,135.390625,91.106,1834.04
2021-02-04,3871.74,37.81,135.4375,91.531,1794.03
2021-02-05,3886.83,38.14,135.34375,91.004,1814.11
2021-02-08,3915.59,38.8,135.25,90.953,1830.81
2021-02-09,3911.23,39.2,135.34375,90.455,1838.32
2021-02-10,3909.88,39.08,135.609375,90.426,1842.89
2021-02-11,3916.38,38.93,135.453125,90.407,1825.51
2021-02-12,3934.83,40.11,135.15625,90.446,1824.23
2021-02-15,,40.51,,90.355,1818.86
2021-02-16,3932.59,40.66,134.3125,90.631,1794.47
2021-02-17,3931.33,41.51,134.578125,90.917,1776.13
2021-02-18,3913.97,40.64,134.453125,90.554,1775.67
2021-02-19,3906.71,40.2,134.140625,90.34,1784.25
2021-02-22,3876.5,42.09,133.984375,90.077,1809.67
2021-02-23,3881.37,41.63,134.203125,90.114,1805.73
2021-02-24,3925.43,43.05,133.90625,90.062,1805.06
2021-02-25,3829.34,42.91,132.234375,90.195,1770.56
2021-02-26,3811.15,42.2,132.90625,90.929,1734.04
2021-03-01,3901.82,41.34,133.171875,91.008,1725.04
2021-03-02,3870.29,40.89,133.453125,90.81,1738.36
2021-03-03,3819.72,41.78,132.6875,90.98,1711.23
2021-03-04,3768.47,43.91,132.03125,91.62,1697.52
2021-03-05,3841.94,45.5,131.984375,91.985,1700.64
2021-03-08,3821.35,44.48,131.609375,92.374,1683.54
2021-03-09,3875.44,43.94,132.15625,91.972,1716.1
2021-03-10,3898.81,44.52,132.28125,91.793,1726.71
2021-03-11,3939.34,45.46,132.25,91.42,1722.6
2021-03-12,3943.34,45.2,131.609375,91.663,1727.11
2021-03-15,3968.94,44.91,131.6875,91.808,1731.67
2021-03-16,3962.71,44.7,131.65625,91.869,1731.4
2021-03-17,3974.12,44.23,131.703125,91.392,1745.33
2021-03-18,3915.46,41.05,131.125,91.832,1736.42
2021-03-19,3913.1,42.09,130.984375,91.744,1745.23
2021-03-22,3940.59,41.98,131.21875,91.789,1739.03
2021-03-23,3910.52,39.42,131.78125,92.344,1727.07
2021-03-24,3889.14,41.93,131.875,92.58,1734.69
2021-03-25,3909.52,40.38,131.71875,92.848,1726.93
2021-03-26,3974.54,42.0,131.390625,92.723,1732.52
2021-03-29,3971.09,42.57,131.15625,92.909,1712.2
2021-03-30,3958.55,41.76,131.078125,93.266,1685.2
2021-03-31,3972.89,41.51,130.71875,93.2,1707.71
2021-04-01,4019.87,42.55,131.234375,92.878,1729.31
2021-04-02,,,130.765625,93.012,1728.87
2021-04-05,4077.91,41.0,131.015625,92.576,1728.27
2021-04-06,4073.94,41.23,131.4375,92.311,1743.27
2021-04-07,4079.95,41.39,131.40625,92.43,1737.72
2021-04-08,4097.17,41.7,131.8125,92.067,1755.84
2021-04-09,4128.8,41.49,131.546875,92.182,1743.88
2021-04-12,4127.99,41.59,131.453125,92.087,1732.76
2021-04-13,4141.59,42.09,131.859375,91.827,1745.51
2021-04-14,4124.66,43.62,131.6875,91.635,1736.43
2021-04-15,4170.42,43.99,132.140625,91.671,1763.95
2021-04-16,4185.47,43.91,132.0625,91.537,1776.51
2021-04-19,4163.26,44.2,131.9375,91.082,1771.43
2021-04-20,4134.94,43.64,132.328125,91.197,1778.75
2021-04-21,4173.42,42.83,132.3125,91.113,1793.79
2021-04-22,4134.98,43.27,132.390625,91.278,1783.94
2021-04-23,4180.17,43.51,132.203125,90.832,1777.2
2021-04-26,4187.62,43.3,132.125,90.843,1781.38
2021-04-27,4186.72,43.83,131.765625,90.885,1776.6
2021-04-28,4183.18,44.1,131.921875,90.598,1781.68
2021-04-29,4211.47,45.1,131.71875,90.637,1772.18
2021-04-30,4181.17,44.26,131.84375,91.297,1769.13
2021-05-03,4192.66,45.08,132.09375,90.964,1792.88
2021-05-04,4164.66,46.29,132.15625,91.28,1779.06
2021-05-05,4167.59,45.67,132.390625,91.267,1786.87
2021-05-06,4201.62,45.49,132.328125,90.896,1815.22
2021-05-07,4232.6,45.48,132.46875,90.229,1831.24
2021-05-10,4188.43,45.45,132.34375,90.281,1836.07
2021-05-11,4152.1,45.73,132.203125,90.168,1837.47
2021-05-12,4063.04,45.97,131.671875,90.77,1815.69
2021-05-13,4112.5,44.67,131.96875,90.714,1826.72
2021-05-14,4173.85,45.85,132.1875,90.304,1843.43
2021-05-17,4163.29,46.37,132.015625,90.202,1866.9
2021-05-18,4127.83,45.7,132.171875,89.782,1869.44
2021-05-19,4115.68,44.43,131.828125,90.176,1869.62
2021-05-20,4159.12,43.34,132.265625,89.752,1877.21
2021-05-21,4155.86,44.46,132.25,90.029,1881.25
2021-05-24,4197.05,45.6,132.390625,89.835,1881.02
2021-05-25,4188.13,45.72,132.734375,89.672,1899.25
2021-05-26,4195.99,45.84,132.609375,90.044,1896.67
2021-05-27,4200.88,46.28,132.40625,90.003,1896.54
2021-05-28,4204.11,46.4,132.453125,90.056,1903.77
2021-05-31,,46.7,,89.829,1906.87
2021-06-01,4202.04,47.48,132.46875,89.92,1900.44
2021-06-02,4208.12,47.87,132.59375,89.904,1908.38
2021-06-03,4192.85,47.99,132.234375,90.491,1870.76
2021-06-04,4229.89,48.28,132.859375,90.134,1891.59
2021-06-07,4226.52,48.07,132.765625,89.975,1899.21
2021-06-08,4227.26,48.44,133.046875,90.136,1892.89
2021-06-09,4219.55,48.42,133.375,90.134,1888.57
2021-06-10,4239.18,48.67,133.78125,90.064,1898.51
2021-06-11,4247.44,48.82,133.5625,90.51,1877.53
2021-06-14,4255.15,49.12,133.1875,90.501,1866.18
2021-06-15,4246.59,49.93,133.21875,90.508,1859.02
2021-06-16,4223.7,49.66,132.296875,91.397,1811.47
2021-06-17,4221.86,49.07,132.65625,91.897,1773.5
2021-06-18,4166.45,49.22,133.046875,92.321,1764.16
2021-06-21,4224.79,50.31,132.8125,91.846,1783.27
2021-06-22,4246.44,50.25,133.03125,91.71,1778.74
2021-06-23,4241.84,50.7,132.8125,91.791,1778.68
2021-06-24,4266.49,50.82,132.765625,91.811,1775.17
2021-06-25,4280.7,51.1,132.578125,91.811,1781.44
2021-06-28,4290.61,50.17,132.90625,91.876,1778.48
2021-06-29,4291.8,50.51,132.9375,92.075,1761.24
2021-06-30,4297.5,50.51,132.984375,92.357,1770.11
2021-07-01,4319.94,51.14,133.03125,92.538,1776.84
2021-07-02,4352.34,51.39,133.421875,92.243,1787.3
2021-07-05,,52.15,,92.241,1791.77
2021-07-06,4343.54,50.68,134.015625,92.547,1797.08
2021-07-07,4358.13,49.61,134.21875,92.703,1803.63
2021-07-08,4320.82,50.29,134.46875,92.357,1802.83
2021-07-09,4369.55,51.12,134.046875,92.102,1808.32
2021-07-12,4384.63,50.87,134.0625,92.225,1806.28
2021-07-13,4369.21,51.65,133.640625,92.775,1807.76
2021-07-14,4374.3,50.42,134.15625,92.369,1827.53
2021-07-15,4360.03,49.58,134.4375,92.567,1829.47
2021-07-16,4327.16,49.58,134.5,92.712,1812.05
2021-07-19,4258.49,46.5,135.234375,92.827,1812.64
2021-07-20,4323.06,46.42,135.1875,92.962,1810.36
2021-07-21,4358.69,48.87,134.6875,92.779,1803.66
2021-07-22,4367.48,49.83,134.78125,92.833,1806.92
2021-07-23,4411.79,50.18,134.84375,92.906,1802.15
2021-07-26,4422.3,50.61,134.75,92.633,1797.63
2021-07-27,4401.46,50.54,135.046875,92.474,1799.09
2021-07-28,4400.64,50.59,135.125,92.268,1807.11
2021-07-29,4419.15,51.36,134.859375,91.885,1828.17
2021-07-30,4395.26,51.63,135.21875,92.09,1814.19
2021-08-02,4387.16,50.27,135.59375,92.071,1813.47
2021-08-03,4423.15,49.61,135.671875,92.077,1810.44
2021-08-04,4402.66,48.26,135.453125,92.279,1811.74
2021-08-05,4429.1,48.86,135.078125,92.257,1804.41
2021-08-06,4436.52,48.39,134.609375,92.779,1763.03
2021-08-09,4432.35,47.5,134.390625,92.972,1729.94
2021-08-10,4436.75,48.64,134.15625,93.069,1728.93
2021-08-11,4447.7,49.16,134.265625,92.895,1751.7
2021-08-12,4460.83,48.84,134.171875,93.001,1752.9
2021-08-13,4468.0,48.22,134.75,92.523,1779.74
2021-08-16,4479.71,47.75,134.875,92.611,1787.45
2021-08-17,4448.08,47.44,134.875,93.134,1786.19
2021-08-18,4400.27,46.33,134.90625,93.151,1787.82
2021-08-19,4405.8,45.69,134.953125,93.564,1780.38
2021-08-20,4441.67,44.62,134.8125,93.459,1781.11
2021-08-23,4479.53,47.21,134.875,92.974,1805.43
2021-08-24,4486.23,48.87,134.578125,92.881,1802.9
2021-08-25,4496.19,49.37,134.265625,92.823,1791.0
2021-08-26,4470.0,49.04,134.15625,93.044,1792.43
2021-08-27,4509.37,49.94,134.546875,92.681,1817.57
2021-08-30,4528.79,50.3,134.8125,92.693,1810.34
2021-08-31,4522.68,50.08,134.640625,92.643,1813.62
2021-09-01,4524.09,49.81,134.75,92.499,1813.9
2021-09-02,4536.95,50.88,134.828125,92.215,1809.66
2021-09-03,4535.43,50.63,134.625,92.117,1827.73
2021-09-06,,50.36,,92.211,1823.29
2021-09-07,4520.03,49.96,134.234375,92.525,1794.36
2021-09-08,4514.07,50.75,134.453125,92.7,1789.26
2021-09-09,4493.28,49.85,134.71875,92.524,1794.58
2021-09-10,4458.58,50.95,134.390625,92.64,1787.58
2021-09-13,4468.73,51.46,134.515625,92.615,1793.75
2021-09-14,4443.05,51.62,134.796875,92.66,1804.51
2021-09-15,4480.7,52.73,134.65625,92.472,1794.06
2021-09-16,4473.75,52.85,134.296875,92.869,1753.77
2021-09-17,4432.99,52.73,134.078125,93.246,1754.34
2021-09-20,4357.73,51.86,134.46875,93.222,1764.16
2021-09-21,4354.19,52.16,134.421875,93.2,1774.51
2021-09-22,4395.64,52.98,134.4375,93.44,1768.16
2021-09-23,4448.98,53.96,133.421875,93.085,1742.76
2021-09-24,4455.48,54.53,133.328125,93.277,1750.42
2021-09-27,4443.11,55.47,132.96875,93.404,1750.16
2021-09-28,4352.63,54.63,132.6875,93.72,1734.01
2021-09-29,4359.46,54.83,132.875,94.36,1726.37
2021-09-30,4307.54,54.84,133.140625,94.238,1756.95
2021-10-01,4357.04,55.45,133.4375,94.071,1760.98
2021-10-04,4300.46,56.87,133.296875,93.804,1769.57
2021-10-05,4345.72,57.78,132.96875,93.975,1760.18
2021-10-06,4363.55,56.57,132.96875,94.228,1762.74
2021-10-07,4399.76,57.72,132.578125,94.199,1755.78
2021-10-08,4391.34,57.79,132.265625,94.104,1757.13
2021-10-11,4361.19,58.57,132.078125,94.364,1754.15
2021-10-12,4350.65,58.35,132.375,94.515,1760.18
2021-10-13,4363.8,58.34,132.5625,94.004,1792.97
2021-10-14,4438.26,58.83,132.765625,93.975,1795.87
2021-10-15,4471.37,59.43,132.1875,93.954,1767.62
2021-10-18,4486.46,58.89,131.84375,93.946,1764.86
2021-10-19,4519.63,59.59,131.734375,93.784,1769.29
2021-10-20,4536.19,60.11,131.65625,93.603,1782.08
2021-10-21,4549.78,59.31,131.1875,93.755,1782.9
2021-10-22,4544.9,60.02,131.703125,93.61,1792.65
2021-10-25,4566.48,60.18,131.8125,93.826,1807.73
2021-10-26,4574.79,60.25,131.875,93.966,1792.91
2021-10-27,4551.68,58.92,132.265625,93.861,1796.81
2021-10-28,4596.42,59.15,131.90625,93.363,1798.91
2021-10-29,4605.38,59.05,131.921875,94.134,1783.38
2021-11-01,4613.67,59.77,131.984375,93.878,1793.28
2021-11-02,4630.65,59.45,132.1875,94.097,1787.76
2021-11-03,4660.57,57.53,131.8125,93.846,1769.84
2021-11-04,4680.06,57.23,132.5,94.334,1792.04
2021-11-05,4697.53,58.36,133.0625,94.219,1818.36
2021-11-08,4701.7,59.16,132.5625,94.056,1824.18
2021-11-09,4685.25,60.23,132.984375,93.983,1831.92
2021-11-10,4646.71,58.48,131.984375,94.871,1849.6
2021-11-11,4649.27,58.42,131.578125,95.153,1862.11
2021-11-12,4682.85,57.93,131.890625,95.122,1864.9
2021-11-15,4682.8,58.09,131.546875,95.524,1862.84
2021-11-16,4700.9,58.16,131.390625,95.919,1850.63
2021-11-17,4688.67,56.7,131.734375,95.806,1867.48
2021-11-18,4704.54,57.3,131.8125,95.522,1858.94
2021-11-19,4697.96,55.61,131.96875,96.066,1845.73
2021-11-22,4682.94,56.2,131.1875,96.504,1804.65
2021-11-23,4690.7,58.1,130.984375,96.484,1789.16
2021-11-24,4701.46,58.11,131.078125,96.84,1788.61
2021-11-25,,58.15,,96.787,1788.85
2021-11-26,4594.62,51.53,132.453125,96.071,1802.59
2021-11-29,4655.27,51.97,132.53125,96.195,1784.6
2021-11-30,4567.0,49.89,132.765625,95.903,1774.52
2021-12-01,4513.04,48.98,133.109375,96.038,1781.73
2021-12-02,4577.1,50.07,132.625,96.134,1768.74
2021-12-03,4538.43,49.83,133.390625,96.151,1783.29
2021-12-06,4591.67,52.29,132.71875,96.286,1778.67
2021-12-07,4686.75,53.52,132.359375,96.296,1784.13
2021-12-08,4701.21,53.94,132.109375,95.96,1782.99
2021-12-09,4667.45,52.58,132.28125,96.205,1775.33
2021-12-10,4712.02,53.48,132.421875,96.05,1782.84
2021-12-13,4668.97,52.8,132.890625,96.366,1786.67
2021-12-14,4634.09,52.05,132.625,96.558,1770.85
2021-12-15,4709.85,52.87,132.5625,96.33,1776.92
2021-12-16,4668.67,53.01,133.171875,95.997,1799.35
2021-12-17,4620.64,51.77,133.15625,96.672,1798.11
2021-12-20,4568.02,51.21,133.125,96.506,1790.93
2021-12-21,4649.23,52.58,132.765625,96.479,1789.27
2021-12-22,4696.56,53.75,132.765625,96.121,1803.67
2021-12-23,4725.79,54.48,132.515625,96.056,1808.81
2021-12-24,,53.9,,,1810.26
2021-12-27,4791.19,56.13,132.625,96.07,1812.13
2021-12-28,4786.35,56.2,132.625,96.153,1806.18
2021-12-29,4793.06,56.33,132.1875,95.888,1804.71
2021-12-30,4778.73,56.34,132.453125,95.999,1814.67
2021-12-31,4766.18,55.48,132.359375,95.67,1829.2
2022-01-03,4796.56,56.18,131.46875,96.223,1801.45
2022-01-04,4793.54,57.07,131.390625,96.284,1814.6
2022-01-05,4700.58,57.12,130.859375,96.185,1810.44
2022-01-06,4696.05,58.36,130.609375,96.243,1791.16
2022-01-07,4677.03,58.33,130.359375,95.739,1796.55
2022-01-10,4670.29,57.66,130.265625,95.949,1801.68
2022-01-11,4713.07,59.62,130.421875,95.599,1821.6
2022-01-12,4726.35,60.4,130.359375,94.99,1826.15
2022-01-13,4659.03,59.88,130.734375,94.861,1822.54
2022-01-14,4662.85,61.56,130.046875,95.167,1817.94
2022-01-17,,61.6,,95.255,1819.23
2022-01-18,4577.11,63.05,129.265625,95.721,1813.74
2022-01-19,4532.76,62.45,129.34375,95.616,1840.54
2022-01-20,4482.73,62.28,129.875,95.787,1839.29
2022-01-21,4397.94,62.58,130.21875,95.636,1835.38
2022-01-24,4410.13,62.06,130.1875,95.875,1843.06
2022-01-25,4356.45,62.7,130.1875,95.968,1848.02
2022-01-26,4349.93,63.89,129.265625,96.478,1819.59
2022-01-27,4326.51,64.13,129.65625,97.207,1797.43
2022-01-28,4431.85,64.45,129.984375,97.217,1791.53
2022-01-31,4515.55,64.99,130.0,96.65,1797.17
2022-02-01,4546.54,64.97,129.875,96.27,1801.19
2022-02-02,4589.38,65.01,130.015625,95.994,1806.8
2022-02-03,4477.44,66.27,129.546875,95.35,1804.85
2022-02-04,4500.53,67.32,128.875,95.478,1808.28
2022-02-07,4483.87,67.64,128.828125,95.417,1820.47
2022-02-08,4521.54,66.45,128.453125,95.626,1825.92
2022-02-09,4587.18,66.8,128.59375,95.56,1833.36
2022-02-10,4504.08,66.55,127.6875,95.79,1826.85
2022-02-11,4418.64,69.2,128.375,96.034,1858.76
2022-02-14,4401.67,69.75,127.96875,96.288,1871.18
2022-02-15,4471.07,68.04,127.640625,95.989,1853.61
2022-02-16,4475.01,67.02,127.734375,95.783,1869.8
2022-02-17,4380.26,67.63,128.40625,95.807,1898.43
2022-02-18,4348.87,68.12,128.609375,96.106,1898.43
2022-02-21,,70.84,,96.127,1906.29
2022-02-22,4304.76,70.22,128.46875,96.068,1898.64
2022-02-23,4225.5,70.98,128.140625,96.193,1909.01
2022-02-24,4288.7,72.34,128.40625,97.055,1903.89
2022-02-25,4384.65,71.73,128.375,96.541,1889.34
2022-02-28,4373.94,73.57,129.5625,96.739,1908.99
2022-03-01,4306.26,80.71,130.59375,97.398,1945.28
2022-03-02,4386.54,85.88,129.296875,97.356,1928.72
2022-03-03,4363.49,82.8,129.609375,97.724,1935.95
2022-03-04,4328.87,88.51,130.5,98.509,1970.7
2022-03-07,4201.09,93.25,130.03125,99.25,1998.11
2022-03-08,4170.7,97.07,129.390625,99.086,2050.76
2022-03-09,4277.88,84.36,128.546875,98.0,1991.83
2022-03-10,4259.52,81.86,128.15625,98.535,1996.98
2022-03-11,4204.31,84.06,128.09375,99.126,1988.46
2022-03-14,4173.11,79.48,126.84375,99.092,1950.88
2022-03-15,4262.45,74.04,126.765625,99.01,1917.94
2022-03-16,4357.86,73.51,126.265625,98.4,1927.29
2022-03-17,4411.67,80.23,126.46875,98.019,1942.89
2022-03-18,4463.12,81.13,126.578125,98.229,1921.62
2022-03-21,4461.18,87.27,125.296875,98.472,1935.91
2022-03-22,4511.61,85.91,124.609375,98.423,1921.69
2022-03-23,4456.24,91.11,125.296875,98.618,1943.86
2022-03-24,4520.16,88.62,124.640625,98.772,1957.69
2022-03-25,4543.06,89.96,123.65625,98.807,1958.29
2022-03-28,4575.52,81.99,123.71875,99.126,1922.8
2022-03-29,4631.6,83.54,124.234375,98.407,1919.43
2022-03-30,4602.45,84.54,124.65625,97.841,1932.87
2022-03-31,4530.41,80.44,124.625,98.353,1937.44
2022-04-01,4545.86,79.76,124.125,98.566,1925.68
2022-04-04,4582.64,82.22,124.09375,98.992,1932.73
2022-04-05,4525.12,80.47,122.859375,99.485,1923.6
2022-04-06,4481.15,77.4,122.71875,99.628,1925.35
2022-04-07,4500.21,77.21,122.375,99.747,1931.86
2022-04-08,4488.28,77.97,122.046875,99.837,1947.54
2022-04-11,4412.53,75.65,121.640625,99.978,1953.52
2022-04-12,4397.45,79.89,122.34375,100.317,1966.76
2022-04-13,4446.59,82.9,122.65625,99.849,1977.8
2022-04-14,4392.59,85.02,121.796875,100.337,1973.71
2022-04-15,,,,100.5,1978.24
2022-04-18,4391.69,85.92,121.578125,100.822,1978.91
2022-04-19,4462.21,81.93,120.796875,100.987,1950.09
2022-04-20,4459.45,81.65,121.421875,100.346,1957.77
2022-04-21,4393.66,82.86,120.625,100.626,1951.62
2022-04-22,4271.78,80.86,120.890625,101.118,1931.6
2022-04-25,4296.12,78.14,121.53125,101.736,1897.83
2022-04-26,4175.2,80.45,122.421875,102.295,1905.51
2022-04-27,4183.96,80.06,121.59375,102.985,1886.1
2022-04-28,4287.5,81.79,121.5625,103.677,1894.45
2022-04-29,4131.93,83.3,120.703125,103.212,1896.93
2022-05-02,4155.38,84.52,120.3125,103.605,1863.02
2022-05-03,4175.48,83.19,120.28125,103.461,1868.12
2022-05-04,4300.17,86.55,120.875,102.51,1881.22
2022-05-05,4146.87,87.21,120.140625,103.558,1877.18
2022-05-06,4123.34,88.91,119.546875,103.659,1883.81
2022-05-09,3991.24,82.65,120.375,103.751,1854.17
2022-05-10,4001.05,79.78,120.703125,103.919,1838.27
2022-05-11,3935.18,84.42,121.078125,104.0,1852.4
2022-05-12,3930.08,84.74,121.609375,104.746,1821.82
2022-05-13,4023.89,87.33,121.203125,104.465,1811.79
2022-05-16,4008.01,89.54,121.53125,104.192,1824.14
2022-05-17,4088.85,88.6,120.625,103.296,1815.16
2022-05-18,3923.68,85.79,121.328125,103.908,1816.6
2022-05-19,3900.79,87.55,121.703125,102.865,1841.85
2022-05-20,3901.36,88.66,122.078125,103.025,1846.5
2022-05-23,3973.75,89.1,121.53125,102.091,1853.59
2022-05-24,3941.48,89.39,122.375,101.771,1866.45
2022-05-25,3978.73,89.91,122.546875,102.083,1853.46
2022-05-26,4057.84,92.35,122.5625,101.756,1850.63
2022-05-27,4158.24,93.29,122.5,101.635,1853.72
2022-05-30,,95.58,,101.364,1855.23
2022-05-31,4132.15,96.46,121.671875,101.785,1837.35
2022-06-01,4101.23,96.15,121.046875,102.543,1846.6
2022-06-02,4176.82,98.13,121.09375,101.751,1868.58
2022-06-03,4108.54,100.45,120.921875,102.169,1851.19
2022-06-06,4121.43,99.55,120.171875,102.414,1841.43
2022-06-07,4160.68,100.38,120.625,102.33,1852.37
2022-06-08,4115.77,102.82,120.296875,102.543,1853.36
2022-06-09,4017.82,101.98,120.109375,103.308,1847.95
2022-06-10,3900.86,101.15,119.015625,104.19,1871.6
2022-06-13,3749.63,101.51,117.46875,105.198,1819.26
2022-06-14,3735.48,100.46,116.609375,105.476,1808.49
2022-06-15,3789.99,98.71,118.078125,104.848,1833.82
2022-06-16,3666.77,98.75,118.71875,103.805,1857.33
2022-06-17,3674.84,94.25,118.40625,104.65,1839.39
2022-06-20,,94.75,,104.49,1838.74
2022-06-21,3764.79,95.31,118.171875,104.43,1832.98
2022-06-22,3759.89,91.28,119.140625,104.193,1837.72
2022-06-23,3795.73,91.12,119.78125,104.404,1822.77
2022-06-24,3911.74,93.9,119.484375,104.121,1826.88
2022-06-27,3900.11,95.86,118.984375,103.94,1822.85
2022-06-28,3821.55,98.02,119.15625,104.484,1820.01
2022-06-29,3818.83,96.05,119.78125,105.096,1817.73
2022-06-30,3785.38,95.31,120.484375,104.73,1807.27
2022-07-01,3825.33,97.3,121.734375,105.12,1811.43
2022-07-04,,99.35,,105.141,1808.15
2022-07-05,3831.39,91.47,122.171875,106.491,1764.76
2022-07-06,3845.08,87.1,121.09375,107.043,1738.86
2022-07-07,3902.62,90.85,120.609375,107.037,1740.16
2022-07-08,3899.38,93.52,119.984375,106.895,1742.48
2022-07-11,3854.43,92.87,120.578125,108.206,1733.96
2022-07-12,3818.8,86.6,120.859375,108.163,1726.0
2022-07-13,3801.78,87.15,121.0,108.021,1735.51
2022-07-14,3790.38,87.02,120.703125,108.641,1709.94
2022-07-15,3863.16,88.26,120.984375,107.983,1708.17
2022-07-18,3830.85,92.24,120.4375,107.413,1709.22
2022-07-19,3936.69,93.62,120.15625,106.686,1711.67
2022-07-20,3959.9,93.05,120.0625,107.042,1696.58
2022-07-21,3998.95,90.67,121.375,106.594,1718.81
2022-07-22,3961.63,90.43,122.390625,106.545,1727.64
2022-07-25,3966.84,91.54,122.0625,106.483,1719.78
2022-07-26,3921.05,91.38,121.96875,107.208,1717.32
2022-07-27,4023.61,93.8,122.3125,106.466,1734.19
2022-07-28,4072.43,94.12,123.296875,106.204,1755.84
2022-07-29,4130.29,95.99,123.453125,105.828,1765.94
2022-08-01,4118.63,92.23,123.9375,105.397,1772.17
2022-08-02,4091.19,92.22,122.40625,106.347,1760.39
2022-08-03,4155.17,89.62,122.671875,106.376,1765.29
2022-08-04,4151.94,86.39,122.875,105.756,1791.28
2022-08-05,4145.19,87.37,121.734375,106.577,1775.5
2022-08-08,4140.06,89.08,122.15625,106.38,1788.96
2022-08-09,4122.47,89.09,121.859375,106.306,1794.29
2022-08-10,4210.24,89.58,122.015625,105.204,1792.38
2022-08-11,4207.27,91.76,121.359375,105.093,1789.72
2022-08-12,4280.15,90.46,121.671875,105.674,1802.4
2022-08-15,4297.14,86.27,122.015625,106.492,1779.71
2022-08-16,4305.2,85.61,121.734375,106.476,1775.69
2022-08-17,4274.04,85.88,120.96875,106.659,1761.77
2022-08-18,4283.74,89.14,121.078125,107.493,1758.61
2022-08-19,4228.48,88.69,120.46875,108.103,1747.06
2022-08-22,4137.99,89.24,120.09375,108.957,1736.3
2022-08-23,4128.73,92.43,119.921875,108.522,1748.15
2022-08-24,4140.77,93.89,119.453125,108.612,1751.19
2022-08-25,4199.12,92.14,120.015625,108.427,1758.71
2022-08-26,4057.66,92.85,119.734375,108.836,1738.14
2022-08-29,4030.61,97.01,119.28125,108.743,1737.09
2022-08-30,3986.16,92.35,119.25,108.822,1724.02
2022-08-31,3955.0,89.06,118.609375,108.692,1711.04
2022-09-01,3966.85,86.45,118.234375,109.636,1697.52
2022-09-02,3924.26,87.49,118.859375,109.609,1712.19
2022-09-05,,89.32,,109.792,1710.4
2022-09-06,3908.19,87.09,117.734375,110.252,1702.14
2022-09-07,3979.87,82.26,118.34375,109.535,1718.37
2022-09-08,4006.18,83.11,117.953125,109.643,1708.46
2022-09-09,4067.36,86.68,118.0,108.973,1716.83
2022-09-12,4110.41,88.41,117.828125,108.305,1724.54
2022-09-13,3932.69,87.74,117.21875,110.011,1702.17
2022-09-14,3946.01,88.76,117.09375,109.627,1697.32
2022-09-15,3901.35,85.16,116.734375,109.745,1665.11
2022-09-16,3873.33,85.89,116.875,109.643,1675.06
2022-09-19,3899.89,86.04,116.546875,109.59,1675.84
2022-09-20,3855.93,85.23,116.015625,110.2,1664.89
2022-09-21,3789.93,84.41,116.09375,111.318,1673.89
2022-09-22,3757.99,84.72,114.828125,111.256,1671.22
2022-09-23,3693.23,81.27,114.796875,113.023,1643.94
2022-09-26,3655.04,78.73,113.15625,114.101,1622.36
2022-09-27,3647.29,80.37,113.140625,114.112,1628.9
2022-09-28,3719.04,83.73,114.796875,112.73,1659.97
2022-09-29,3640.47,83.34,114.265625,111.795,1660.54
2022-09-30,3585.62,82.44,113.90625,112.173,1660.61
2022-10-03,3678.43,85.46,115.40625,111.664,1699.89
2022-10-04,3790.93,88.41,115.5,110.201,1726.13
2022-10-05,3783.28,90.36,114.65625,111.208,1716.26
2022-10-06,3744.52,91.45,114.0,112.233,1712.53
2022-10-07,3639.66,94.85,113.5625,112.747,1694.82
2022-10-10,3612.39,92.56,113.203125,113.178,1668.61
2022-10-11,3588.84,90.37,113.203125,113.275,1666.34
2022-10-12,3577.03,89.03,113.5625,113.216,1673.19
2022-10-13,3669.91,91.23,113.15625,112.448,1666.37
2022-10-14,3583.07,88.12,112.640625,113.299,1644.47
2022-10-17,3677.95,88.62,112.828125,112.058,1650.09
2022-10-18,3719.98,87.33,112.921875,112.0,1652.22
2022-10-19,3695.16,89.19,112.0,112.888,1629.44
2022-10-20,3665.78,89.34,111.4375,112.821,1628.02
2022-10-21,3752.75,90.18,111.859375,111.876,1657.69
2022-10-24,3797.34,90.03,111.765625,111.997,1649.78
2022-10-25,3859.11,89.66,112.671875,110.984,1653.17
2022-10-26,3830.6,92.53,113.234375,109.733,1664.57
2022-10-27,3807.3,93.18,113.921875,110.558,1663.31
2022-10-28,3901.06,92.79,113.09375,110.668,1644.86
2022-10-31,3871.98,91.38,112.796875,111.58,1633.56
2022-11-01,3856.1,93.27,112.65625,111.545,1647.98
2022-11-02,3759.69,94.01,112.359375,112.107,1635.24
2022-11-03,3719.89,93.06,111.9375,112.976,1629.49
2022-11-04,3770.55,97.19,112.09375,110.788,1681.87
2022-11-07,3806.8,96.38,111.734375,110.221,1675.63
2022-11-08,3828.11,93.55,112.390625,109.617,1712.42
2022-11-09,3748.57,91.01,112.703125,110.432,1706.74
2022-11-10,3956.37,91.87,114.703125,108.075,1755.45
2022-11-11,3992.93,94.25,114.421875,106.416,1771.24
2022-11-14,3957.25,91.04,114.296875,106.957,1771.4
2022-11-15,3991.73,92.29,114.890625,106.567,1778.94
2022-11-16,3958.79,91.15,115.3125,106.274,1773.87
2022-11-17,3946.56,88.6,114.765625,106.685,1760.44
2022-11-18,3965.34,86.35,114.34375,106.969,1750.68
2022-11-21,3949.94,86.4,114.34375,107.773,1738.05
2022-11-22,4003.58,86.95,114.734375,107.153,1740.25
2022-11-23,4027.26,83.31,115.140625,106.1,1749.68
2022-11-24,,83.78,,105.873,1755.24
2022-11-25,4026.12,82.58,115.21875,106.062,1754.93
2022-11-28,3963.94,81.28,115.1875,106.667,1741.36
2022-11-29,3957.63,82.38,114.828125,106.821,1749.85
2022-11-30,4080.11,84.01,116.0,105.897,1768.52
2022-12-01,4076.57,84.61,116.59375,104.738,1803.1
2022-12-02,4071.7,82.83,116.65625,104.506,1797.63
2022-12-05,3998.84,80.48,115.84375,105.285,1768.68
2022-12-06,3941.26,77.3,116.09375,105.569,1771.04
2022-12-07,3933.92,75.04,116.953125,105.157,1786.27
2022-12-08,3963.51,74.19,116.359375,104.789,1789.14
2022-12-09,3934.38,74.49,115.875,104.932,1797.32
2022-12-12,3990.56,75.65,115.703125,104.999,1781.44
2022-12-13,4019.65,77.95,116.625,104.023,1810.8
2022-12-14,3995.32,80.29,116.828125,103.663,1807.32
2022-12-15,3895.75,78.98,116.859375,104.58,1776.85
2022-12-16,3852.36,76.86,116.640625,104.837,1793.08
2022-12-19,3817.66,77.67,116.0,104.67,1787.62
2022-12-20,3821.62,77.26,115.34375,103.974,1817.94
2022-12-21,3878.44,79.78,115.484375,104.239,1814.39
2022-12-22,3822.39,79.21,115.328125,104.39,1792.52
2022-12-23,3844.82,81.42,115.046875,104.325,1798.2
2022-12-27,3829.25,82.26,114.3125,104.206,1813.69
2022-12-28,3783.22,80.59,114.03125,104.469,1804.35
2022-12-29,3849.28,79.77,114.359375,103.988,1814.91
2022-12-30,3839.5,81.93,114.046875,103.494,1824.02
2023-01-03,3824.14,78.56,114.8125,104.661,1839.48
2023-01-04,3852.97,74.41,115.25,104.223,1854.56
2023-01-05,3808.1,75.15,114.859375,105.132,1832.89
2023-01-06,3895.08,74.89,116.1875,103.911,1865.69
2023-01-09,3892.09,76.03,116.359375,103.182,1871.81
2023-01-10,3919.25,75.86,115.859375,103.292,1877.03
2023-01-11,3969.61,78.99,116.375,103.2,1875.69
2023-01-12,3983.17,79.86,117.140625,102.301,1897.09
2023-01-13,3999.09,81.39,116.65625,102.18,1920.23
2023-01-16,,80.15,,102.317,1916.02
2023-01-17,3990.97,82.6,116.4375,102.387,1908.69
2023-01-18,3928.86,80.64,117.796875,102.397,1904.11
2023-01-19,3898.85,82.3,117.546875,102.063,1932.24
2023-01-20,3972.61,83.52,116.9375,101.992,1926.08
2023-01-23,4019.81,83.99,116.640625,102.011,1931.04
2023-01-24,4016.95,82.34,116.96875,101.917,1937.36
2023-01-25,4016.22,82.11,117.109375,101.599,1946.11
2023-01-26,4060.43,83.58,116.703125,101.803,1929.21
2023-01-27,4070.56,82.25,116.578125,101.922,1928.04
2023-01-30,4017.77,81.55,116.28125,102.239,1923.17
2023-01-31,4076.6,80.48,116.5,102.105,1928.36
2023-02-01,4119.21,78.16,117.21875,101.088,1950.52
2023-02-02,4179.76,77.25,117.40625,101.729,1912.72
2023-02-03,4136.48,75.11,116.296875,102.992,1864.97
2023-02-06,4111.08,76.59,115.296875,103.628,1867.48
2023-02-07,4164.0,79.12,115.125,103.337,1873.1
2023-02-08,4117.86,80.0,115.5,103.47,1875.49
2023-02-09,4081.5,79.12,115.015625,103.187,1861.78
2023-02-10,4090.46,81.41,114.53125,103.578,1865.57
2023-02-13,4137.29,80.71,114.71875,103.294,1853.49
2023-02-14,4136.13,80.22,114.234375,103.267,1854.31
2023-02-15,4147.6,80.24,113.890625,103.812,1836.01
2023-02-16,4090.41,79.81,113.5625,104.093,1836.36
2023-02-17,4079.09,78.24,113.875,103.881,1842.36
2023-02-20,,78.86,,103.884,1841.38
2023-02-21,3997.34,77.84,112.875,104.171,1835.09
2023-02-22,3991.05,75.72,113.03125,104.499,1825.39
2023-02-23,4012.32,77.56,113.234375,104.583,1822.28
2023-02-24,3970.04,78.32,112.703125,105.26,1811.04
2023-02-27,3982.24,77.57,112.953125,104.643,1817.14
2023-02-28,3970.15,78.92,112.875,104.956,1826.92
2023-03-01,3951.39,80.17,112.328125,104.367,1836.72
2023-03-02,3981.35,80.1,111.875,104.962,1835.87
2023-03-03,4045.64,81.66,112.453125,104.527,1856.48
2023-03-06,4048.42,81.9,112.4375,104.293,1846.86
2023-03-07,3986.37,78.89,112.296875,105.615,1813.45
2023-03-08,3992.01,78.36,112.109375,105.67,1813.8
2023-03-09,3918.32,77.45,113.0,105.267,1831.03
2023-03-10,3861.59,78.47,114.484375,104.637,1868.26
2023-03-13,3855.76,76.67,115.671875,103.626,1913.7
2023-03-14,3919.29,73.7,114.8125,103.676,1904.01
2023-03-15,3891.93,70.52,116.6875,104.742,1918.58
2023-03-16,3960.28,70.94,115.53125,104.446,1919.52
2023-03-17,3916.64,68.81,116.890625,103.864,1989.25
2023-03-20,3951.57,70.05,116.390625,103.305,1978.84
2023-03-21,4002.87,71.28,115.46875,103.214,1940.07
2023-03-22,3936.97,71.97,116.859375,102.529,1970.11
2023-03-23,3948.72,71.78,117.1875,102.584,1993.4
2023-03-24,3970.99,71.22,117.484375,103.115,1978.21
2023-03-27,3977.53,74.21,116.328125,102.833,1956.67
2023-03-28,3971.27,74.93,115.9375,102.431,1973.54
2023-03-29,4027.81,74.33,115.828125,102.642,1964.7
2023-03-30,4050.83,75.22,115.859375,102.172,1980.37
2023-03-31,4109.31,75.72,116.453125,102.594,1969.28
2023-04-03,4124.51,80.31,116.953125,102.05,1984.65
2023-04-04,4100.6,80.77,117.59375,101.564,2020.42
2023-04-05,4090.38,80.41,117.734375,101.885,2020.73
2023-04-06,4105.02,80.46,117.9375,101.919,2007.91
2023-04-07,,,117.125,102.095,
2023-04-10,4109.11,79.87,116.875,102.542,1991.48
2023-04-11,4108.94,81.11,116.828125,102.147,2003.62
2023-04-12,4091.95,82.63,117.1875,101.532,2014.93
2023-04-13,4146.22,81.76,116.859375,101.007,2040.22
2023-04-14,4137.64,82.06,116.25,101.581,2004.17
2023-04-17,4151.32,80.36,115.65625,102.097,1995.19
2023-04-18,4154.87,80.4,115.796875,101.72,2005.45
2023-04-19,4154.52,78.51,115.65625,101.942,1994.93
2023-04-20,4129.79,76.6,116.078125,101.796,2004.8
2023-04-21,4133.52,77.44,115.8125,101.724,1983.06
2023-04-24,4137.04,78.19,116.40625,101.329,1989.14
2023-04-25,4071.63,76.5,117.109375,101.844,1997.39
2023-04-26,4055.99,73.67,116.78125,101.423,1989.04
2023-04-27,4135.35,74.15,116.125,101.486,1987.78
2023-04-28,4169.48,75.32,116.84375,101.672,1990.0
2023-05-01,4167.87,74.51,115.859375,102.118,1982.56
2023-05-02,4119.58,70.6,117.0,101.938,2016.68
2023-05-03,4090.75,67.5,117.84375,101.212,2038.97
2023-05-04,4061.22,68.07,117.640625,101.445,2050.28
2023-05-05,4136.25,70.73,117.140625,101.282,2016.79
2023-05-08,4138.12,71.89,116.625,101.387,2021.16
2023-05-09,4119.17,72.52,116.53125,101.657,2034.56
2023-05-10,4137.64,71.88,117.1875,101.422,2030.09
2023-05-11,4130.62,70.79,117.4375,102.069,2015.05
2023-05-12,4124.08,69.6,116.78125,102.705,2010.77
2023-05-15,4136.28,70.91,116.59375,102.427,2016.49
2023-05-16,4109.9,70.15,116.296875,102.609,1989.17
2023-05-17,4158.77,72.05,115.96875,102.859,1981.84
2023-05-18,4198.05,71.28,115.34375,103.529,1957.55
2023-05-19,4191.98,70.94,114.984375,103.193,1977.81
2023-05-22,4192.63,71.27,114.796875,103.235,1971.86
2023-05-23,4145.58,72.73,114.96875,103.516,1975.23
2023-05-24,4115.24,73.52,114.53125,103.886,1957.16
2023-05-25,4151.28,71.54,113.875,104.209,1941.41
2023-05-26,4205.45,72.37,113.8125,104.226,1946.46
2023-05-29,,72.29,,104.265,1943.19
2023-05-30,4205.52,69.15,114.578125,104.057,1959.33
2023-05-31,4179.83,68.23,114.859375,104.227,1962.73
2023-06-01,4221.02,70.31,115.234375,103.554,1977.61
2023-06-02,4282.37,72.27,114.296875,104.041,1947.97
2023-06-05,4273.79,72.46,114.421875,103.995,1961.86
2023-06-06,4283.85,72.01,114.53125,104.129,1963.52
2023-06-07,4267.52,72.65,113.578125,104.116,1940.02
2023-06-08,4293.93,71.44,114.171875,103.319,1965.46
2023-06-09,4298.86,70.99,113.890625,103.553,1961.19
2023-06-12,4338.93,68.22,113.96875,103.628,1957.84
2023-06-13,4369.01,70.18,113.328125,103.303,1943.74
2023-06-14,4372.59,69.63,113.46875,103.018,1942.52
2023-06-15,4425.84,71.55,113.96875,102.133,1958.01
2023-06-16,4409.59,72.14,113.546875,102.299,1957.98
2023-06-19,,72.02,,102.476,1950.48
2023-06-20,4388.71,71.35,113.8125,102.521,1936.42
2023-06-21,4365.69,72.87,113.765625,102.079,1932.55
2023-06-22,4381.89,70.22,113.21875,102.404,1914.01
2023-06-23,4348.33,70.42,113.5625,102.867,1921.2
2023-06-26,4328.82,70.37,113.703125,102.754,1923.26
2023-06-27,4378.41,68.76,113.34375,102.498,1913.69
2023-06-28,4376.86,69.6,113.71875,102.97,1907.32
2023-06-29,4396.44,70.3,112.671875,103.365,1908.2
2023-06-30,4450.38,70.86,112.5625,102.921,1919.35
2023-07-03,4455.59,70.65,112.40625,102.97,1921.64
2023-07-04,,71.74,,103.104,1925.48
2023-07-05,4446.82,72.13,111.875,103.334,1915.3
2023-07-06,4411.59,72.11,111.171875,103.112,1910.9
2023-07-07,4398.95,73.67,110.984375,102.266,1925.05
2023-07-10,4409.53,73.31,111.65625,101.955,1925.35
2023-07-11,4439.26,74.79,111.765625,101.656,1932.23
2023-07-12,4472.16,75.59,112.71875,100.561,1957.35
2023-07-13,4510.04,76.85,113.46875,99.761,1960.51
2023-07-14,4505.42,75.05,112.921875,99.96,1955.21
2023-07-17,4522.79,74.04,113.09375,99.883,1955.04
2023-07-18,4554.98,75.23,113.1875,99.932,1978.72
2023-07-19,4565.72,74.96,113.40625,100.284,1976.64
2023-07-20,4534.87,75.04,112.59375,100.79,1969.53
2023-07-21,4536.34,76.24,112.703125,101.085,1961.94
2023-07-24,4554.64,77.99,112.375,101.383,1954.73
2023-07-25,4567.46,78.41,112.234375,101.271,1964.96
2023-07-26,4566.75,78.18,112.421875,101.021,1972.07
2023-07-27,4537.41,79.04,111.546875,101.705,1946.0
2023-07-28,4582.23,79.87,111.90625,101.701,1959.49
2023-07-31,4588.96,80.64,111.84375,101.865,1965.09
2023-08-01,4576.73,81.06,111.5625,101.967,1944.29
2023-08-02,4513.39,78.89,111.265625,102.596,1934.45
2023-08-03,4501.89,80.66,110.75,102.472,1934.06
2023-08-04,4478.03,81.51,111.765625,102.009,1942.91
2023-08-07,4518.44,81.28,111.46875,102.074,1936.56
2023-08-08,4499.38,81.54,111.890625,102.542,1925.24
2023-08-09,4467.71,82.79,111.828125,102.48,1914.46
2023-08-10,4468.83,81.68,111.15625,102.624,1912.48
2023-08-11,4464.05,82.06,110.703125,102.853,1913.76
2023-08-14,4489.72,81.58,110.390625,103.168,1907.1
2023-08-15,4437.86,80.5,110.296875,103.206,1902.0
2023-08-16,4404.33,78.88,110.03125,103.423,1891.81
2023-08-17,4370.36,79.38,109.953125,103.421,1889.43
2023-08-18,4369.71,80.26,110.078125,103.433,1889.31
2023-08-21,4399.77,80.03,109.515625,103.324,1894.93
2023-08-22,4387.55,79.37,109.484375,103.606,1897.48
2023-08-23,4436.01,78.59,110.3125,103.36,1915.48
2023-08-24,4376.31,78.75,110.015625,103.991,1916.91
2023-08-25,4405.71,80.28,109.890625,104.187,1914.96
2023-08-28,4433.31,79.87,110.140625,103.977,1920.17
2023-08-29,4497.63,80.92,110.796875,103.449,1937.54
2023-08-30,4514.87,81.34,110.859375,103.147,1942.32
2023-08-31,4507.66,82.15,110.921875,103.629,1940.19
2023-09-01,4515.77,84.2,110.53125,104.264,1940.06
2023-09-04,,84.21,,104.103,1942.69
2023-09-05,4496.83,85.21,109.984375,104.781,1926.12
2023-09-06,4465.48,85.76,109.796875,104.834,1916.56
2023-09-07,4451.14,84.93,110.046875,105.045,1919.68
2023-09-08,4457.49,85.58,109.859375,105.056,1919.08
2023-09-11,4487.46,85.74,109.75,104.525,1922.3
2023-09-12,4461.9,87.02,109.734375,104.541,1913.67
2023-09-13,4467.44,87.23,109.984375,104.753,1908.12
2023-09-14,4505.1,89.08,109.75,105.348,1910.79
2023-09-15,4450.32,89.2,109.4375,105.331,1923.91
2023-09-18,4453.53,89.48,109.578125,105.076,1933.84
2023-09-19,4443.95,89.32,109.171875,105.133,1931.36
2023-09-20,4402.2,88.19,108.75,105.328,1930.3
2023-09-21,4330.0,88.23,108.34375,105.376,1920.02
2023-09-22,4320.06,88.78,108.71875,105.582,1925.23
2023-09-25,4337.44,88.39,108.203125,105.951,1915.92
2023-09-26,4273.53,89.01,108.234375,106.161,1900.65
2023-09-27,4274.51,91.51,107.703125,106.657,1875.12
2023-09-28,4299.7,90.02,107.96875,106.127,1864.87
2023-09-29,4288.05,90.21,108.03125,106.174,1848.63
2023-10-02,4288.39,88.62,107.359375,107.031,1828.03
2023-10-03,4229.45,89.22,106.671875,107.078,1823.02
2023-10-04,4263.75,84.32,107.09375,106.774,1821.36
2023-10-05,4258.19,82.45,107.265625,106.343,1820.3
2023-10-06,4308.5,82.69,106.75,106.101,1833.01
2023-10-09,4335.66,86.43,107.84375,106.062,1861.41
2023-10-10,4358.24,85.91,107.71875,105.77,1860.4
2023-10-11,4376.95,83.78,108.140625,105.723,1874.36
2023-10-12,4349.61,84.48,107.3125,106.57,1868.9
2023-10-13,4327.78,88.93,107.765625,106.672,1932.82
2023-10-16,4373.63,88.3,107.203125,106.21,1920.2
2023-10-17,4373.2,89.04,106.25,106.199,1923.18
2023-10-18,4314.6,89.53,105.796875,106.551,1947.55
2023-10-19,4278.0,91.13,105.4375,106.238,1974.46
2023-10-20,4224.16,90.61,106.0,106.163,1981.4
2023-10-23,4217.04,88.64,106.390625,105.588,1972.85
2023-10-24,4247.68,86.27,106.390625,106.269,1970.97
2023-10-25,4186.77,88.27,105.640625,106.555,1979.72
2023-10-26,4137.23,86.34,106.328125,106.595,1984.71
2023-10-27,4117.37,88.58,106.46875,106.581,2006.37
2023-10-30,4166.82,86.1,106.09375,106.14,1996.1
2023-10-31,4193.8,85.62,105.875,106.703,1983.88
2023-11-01,4237.86,84.9,107.203125,106.629,1982.53
2023-11-02,4317.78,86.96,107.5,106.153,1985.78
2023-11-03,4358.34,85.23,108.25,105.069,1992.65
2023-11-06,4365.98,85.21,107.703125,105.26,1978.14
2023-11-07,4378.38,81.41,108.125,105.52,1969.45
2023-11-08,4382.78,79.71,108.4375,105.531,1950.2
2023-11-09,4347.35,79.87,107.515625,105.918,1958.55
2023-11-10,4415.24,81.7,107.28125,105.801,1940.2
2023-11-13,4411.55,82.7,107.390625,105.658,1946.92
2023-11-14,4495.7,82.37,108.8125,104.058,1964.29
2023-11-15,4502.88,81.07,108.25,104.377,1959.85
2023-11-16,4508.24,77.45,108.875,104.372,1980.9
2023-11-17,4514.02,80.62,108.765625,103.815,1980.82
2023-11-20,4547.38,82.03,108.84375,103.454,1978.07
2023-11-21,,81.81,108.984375,103.319,1991.56
