Date,Adj Close
2005-01-04,1.62391996383667
2005-01-05,1.62391996383667
2005-01-07,1.4989999532699585
2005-01-10,1.6863800287246704
2005-01-11,1.561460018157959
2005-01-12,1.6863800287246704
2005-01-13,1.561460018157959
2005-01-14,1.561460018157959
2005-01-18,1.4989999532699585
2005-01-19,1.4989999532699585
2005-01-20,1.6863800287246704
2005-01-21,1.4989999532699585
2005-01-24,1.4989999532699585
2005-01-25,1.4989999532699585
2005-01-26,1.4365400075912476
2005-01-27,1.3116300106048584
2005-01-28,1.4365400075912476
2005-02-01,1.3740899562835693
2005-02-02,1.3740899562835693
2005-02-03,1.3116300106048584
2005-02-07,1.4989999532699585
2005-02-08,1.4365400075912476
2005-02-09,1.4365400075912476
2005-02-10,1.3740899562835693
2005-02-11,1.4365400075912476
2005-02-14,1.62391996383667
2005-02-15,1.561460018157959
2005-02-16,1.4989999532699585
2005-02-17,1.4989999532699585
2005-02-18,1.561460018157959
2005-02-22,1.4365400075912476
2005-02-23,1.62391996383667
2005-02-24,1.4989999532699585
2005-02-25,1.4989999532699585
2005-02-28,1.4365400075912476
2005-03-01,1.4989999532699585
2005-03-02,1.3116300106048584
2005-03-03,1.4989999532699585
2005-03-04,1.62391996383667
2005-03-07,1.62391996383667
2005-03-08,1.561460018157959
2005-03-09,1.4365400075912476
2005-03-10,1.3740899562835693
2005-03-11,1.4365400075912476
2005-03-14,1.249169945716858
2005-03-15,1.4989999532699585
2005-03-17,1.249169945716858
2005-03-18,1.3740899562835693
2005-03-21,1.3116300106048584
2005-03-22,1.3740899562835693
2005-03-24,1.249169945716858
2005-03-28,1.3740899562835693
2005-03-29,1.3740899562835693
2005-03-30,1.3740899562835693
2005-03-31,1.249169945716858
2005-04-01,1.3116300106048584
2005-04-04,1.3740899562835693
2005-04-07,1.3740899562835693
2005-04-08,1.249169945716858
2005-04-11,1.249169945716858
2005-04-12,1.249169945716858
2005-04-13,1.124250054359436
2005-04-14,1.3116300106048584
2005-04-15,1.249169945716858
2005-04-19,1.124250054359436
2005-04-20,1.0617899894714355
2005-04-22,1.124250054359436
2005-04-25,0.9368799924850464
2005-04-28,1.124250054359436
2005-04-29,1.124250054359436
2005-05-02,1.0617899894714355
2005-05-03,1.124250054359436
2005-05-04,1.124250054359436
2005-05-05,1.0617899894714355
2005-05-06,0.9993399977684021
2005-05-10,0.8744199872016907
2005-05-11,0.9993399977684021
2005-05-17,0.9368799924850464
2005-05-19,0.811959981918335
2005-05-20,0.7494999766349792
2005-05-24,0.811959981918335
2005-05-25,0.9368799924850464
2005-05-26,0.9368799924850464
2005-06-02,0.811959981918335
2005-06-03,1.249169945716858
2005-06-06,1.124250054359436
2005-06-07,1.124250054359436
2005-06-08,1.0617899894714355
2005-06-10,0.9993399977684021
2005-06-13,1.124250054359436
2005-06-14,1.124250054359436
2005-06-15,1.249169945716858
2005-06-16,1.3116300106048584
2005-06-17,1.3116300106048584
2005-06-20,1.124250054359436
2005-06-21,1.124250054359436
2005-06-23,1.249169945716858
2005-06-24,1.3116300106048584
2005-06-27,1.249169945716858
2005-06-28,1.249169945716858
2005-06-29,1.249169945716858
2005-06-30,1.124250054359436
2005-07-12,1.186710000038147
2005-07-15,1.249169945716858
2005-07-18,1.249169945716858
2005-07-19,1.3740899562835693
2005-07-21,1.124250054359436
2005-07-25,1.3740899562835693
2005-07-26,1.3116300106048584
2005-07-27,1.3740899562835693
2005-07-28,1.3116300106048584
2005-08-04,1.0617899894714355
2005-08-08,1.186710000038147
2005-08-09,1.124250054359436
2005-08-10,1.124250054359436
2005-08-11,1.124250054359436
2005-08-12,1.124250054359436
2005-08-17,1.186710000038147
2005-08-18,1.249169945716858
2005-08-19,1.186710000038147
2005-08-23,1.186710000038147
2005-08-25,1.3116300106048584
2005-08-26,1.0617899894714355
2005-08-29,1.249169945716858
2005-09-01,1.186710000038147
2005-09-02,1.186710000038147
2005-09-06,1.124250054359436
2005-09-07,1.249169945716858
2005-09-08,1.249169945716858
2005-09-09,1.124250054359436
2005-09-12,1.186710000038147
2005-09-13,1.124250054359436
2005-09-14,1.249169945716858
2005-09-15,1.186710000038147
2005-09-16,1.186710000038147
2005-09-19,1.4365400075912476
2005-09-20,1.3116300106048584
2005-09-21,1.4365400075912476
2005-09-22,1.3740899562835693
2005-09-26,1.4365400075912476
2005-09-27,1.249169945716858
2005-09-29,1.249169945716858
2005-09-30,1.3116300106048584
2005-10-03,1.186710000038147
2005-10-04,1.249169945716858
2005-10-05,1.186710000038147
2005-10-06,1.249169945716858
2005-10-07,1.3116300106048584
2005-10-11,1.249169945716858
2005-10-12,1.249169945716858
2005-10-13,1.186710000038147
2005-10-14,1.186710000038147
2005-10-17,1.249169945716858
2005-10-18,1.249169945716858
2005-10-19,1.124250054359436
2005-10-20,1.249169945716858
2005-10-24,1.124250054359436
2005-10-25,1.249169945716858
2005-10-27,1.0617899894714355
2005-11-01,1.124250054359436
2005-11-02,1.124250054359436
2005-11-03,1.249169945716858
2005-11-04,1.186710000038147
2005-11-07,1.124250054359436
2005-11-10,1.186710000038147
2005-11-14,1.124250054359436
2005-11-15,1.0617899894714355
2005-11-16,0.9993399977684021
2005-11-17,1.124250054359436
2005-11-18,1.186710000038147
2005-11-21,1.124250054359436
2005-11-25,0.9368799924850464
2005-11-28,1.0617899894714355
2005-11-29,1.186710000038147
2005-11-30,1.0617899894714355
2005-12-01,1.124250054359436
2005-12-02,0.9993399977684021
2005-12-05,1.124250054359436
2005-12-06,0.9993399977684021
2005-12-07,0.9993399977684021
2005-12-08,1.0617899894714355
2005-12-09,0.9993399977684021
2005-12-12,0.9368799924850464
2005-12-13,0.9368799924850464
2005-12-14,0.9993399977684021
2005-12-15,0.9368799924850464
2005-12-19,0.9368799924850464
2005-12-20,0.9993399977684021
2005-12-21,0.9993399977684021
2005-12-22,1.124250054359436
2005-12-23,1.0617899894714355
2005-12-28,1.186710000038147
2005-12-29,1.249169945716858
2005-12-30,0.9993399977684021
2006-01-03,1.0617899894714355
2006-01-04,1.124250054359436
2006-01-05,1.0617899894714355
2006-01-06,1.186710000038147
2006-01-09,1.0617899894714355
2006-01-10,0.9993399977684021
2006-01-11,1.249169945716858
2006-01-12,1.124250054359436
2006-01-13,1.124250054359436
2006-01-17,1.3116300106048584
2006-01-18,1.4365400075912476
2006-01-19,1.4365400075912476
2006-01-20,1.4365400075912476
2006-01-23,1.561460018157959
2006-01-24,1.3116300106048584
2006-01-25,1.4365400075912476
2006-01-26,1.4989999532699585
2006-01-27,1.8737499713897705
2006-01-30,1.6863800287246704
2006-01-31,1.998669981956482
2006-02-01,2.498339891433716
2006-02-02,3.060460090637207
2006-02-03,3.7475099563598633
2006-02-06,3.6850500106811523
2006-02-07,3.122920036315918
2006-02-08,3.372760057449341
2006-02-09,3.122920036315918
2006-02-10,2.8106300830841064
2006-02-13,2.373420000076294
2006-02-14,2.498339891433716
2006-02-15,2.310960054397583
2006-02-16,2.373420000076294
2006-02-17,2.8106300830841064
2006-02-21,2.498339891433716
2006-02-22,2.7481698989868164
2006-02-23,2.623260021209717
2006-02-24,2.498339891433716
2006-02-27,2.435879945755005
2006-02-28,2.373420000076294
2006-03-01,2.498339891433716
2006-03-02,2.435879945755005
2006-03-03,2.435879945755005
2006-03-06,2.7481698989868164
2006-03-07,2.560800075531006
2006-03-08,2.8106300830841064
2006-03-09,2.623260021209717
2006-03-10,2.623260021209717
2006-03-13,2.8730900287628174
2006-03-14,2.6857099533081055
2006-03-15,3.372760057449341
2006-03-16,3.4976699352264404
2006-03-17,3.24783992767334
2006-03-20,3.24783992767334
2006-03-21,3.372760057449341
2006-03-22,3.060460090637207
2006-03-23,2.8730900287628174
2006-03-24,2.7481698989868164
2006-03-27,2.623260021209717
2006-03-28,2.623260021209717
2006-03-29,2.498339891433716
2006-03-30,2.6857099533081055
2006-03-31,2.623260021209717
2006-04-03,2.498339891433716
2006-04-04,2.623260021209717
2006-04-05,2.7481698989868164
2006-04-06,2.6857099533081055
2006-04-07,2.7481698989868164
2006-04-10,3.4976699352264404
2006-04-11,2.9355499744415283
2006-04-12,2.8730900287628174
2006-04-13,2.8730900287628174
2006-04-17,3.060460090637207
2006-04-18,2.7481698989868164
2006-04-19,2.623260021209717
2006-04-20,2.6857099533081055
2006-04-21,2.9355499744415283
2006-04-24,3.122920036315918
2006-04-25,3.24783992767334
2006-04-26,2.9980099201202393
2006-04-27,2.8730900287628174
2006-04-28,2.9980099201202393
2006-05-01,2.9355499744415283
2006-05-02,2.8106300830841064
2006-05-03,2.623260021209717
2006-05-04,2.7481698989868164
2006-05-05,2.560800075531006
2006-05-08,2.435879945755005
2006-05-09,2.373420000076294
2006-05-10,2.435879945755005
2006-05-11,2.373420000076294
2006-05-12,2.435879945755005
2006-05-15,2.248500108718872
2006-05-16,2.1860499382019043
2006-05-17,2.1235899925231934
2006-05-18,1.936210036277771
2006-05-19,1.8737499713897705
2006-05-23,2.1235899925231934
2006-05-24,2.0611300468444824
2006-05-25,1.998669981956482
2006-05-26,2.1235899925231934
2006-05-30,2.373420000076294
2006-05-31,2.1860499382019043
2006-06-01,2.1235899925231934
2006-06-02,2.0611300468444824
2006-06-05,1.8737499713897705
2006-06-06,1.936210036277771
2006-06-07,1.7488399744033813
2006-06-08,1.7488399744033813
2006-06-09,1.62391996383667
2006-06-12,1.62391996383667
2006-06-13,1.4365400075912476
2006-06-14,1.4989999532699585
2006-06-15,1.62391996383667
2006-06-16,1.62391996383667
2006-06-19,1.561460018157959
2006-06-20,1.62391996383667
2006-06-21,1.561460018157959
2006-06-22,1.561460018157959
2006-06-23,1.6863800287246704
2006-06-26,1.561460018157959
2006-06-27,1.561460018157959
2006-06-28,1.7488399744033813
2006-06-29,1.7488399744033813
2006-06-30,1.7488399744033813
2006-07-05,1.7488399744033813
2006-07-06,1.7488399744033813
2006-07-07,1.7488399744033813
2006-07-10,1.7488399744033813
2006-07-11,1.8113000392913818
2006-07-12,1.8113000392913818
2006-07-13,1.62391996383667
2006-07-14,1.8113000392913818
2006-07-17,1.8113000392913818
2006-07-18,1.8113000392913818
2006-07-19,1.7488399744033813
2006-07-20,1.7488399744033813
2006-07-24,1.6863800287246704
2006-07-25,1.4989999532699585
2006-07-26,1.4989999532699585
2006-07-27,1.4989999532699585
2006-07-28,1.4989999532699585
2006-07-31,1.4989999532699585
2006-08-01,1.62391996383667
2006-08-02,1.4365400075912476
2006-08-03,1.561460018157959
2006-08-04,1.561460018157959
2006-08-08,1.561460018157959
2006-08-09,1.561460018157959
2006-08-10,1.3740899562835693
2006-08-11,1.561460018157959
2006-08-14,1.4989999532699585
2006-08-15,1.4989999532699585
2006-08-16,1.4365400075912476
2006-08-17,1.62391996383667
2006-08-18,1.4365400075912476
2006-08-21,1.4365400075912476
2006-08-22,1.4365400075912476
2006-08-23,1.8737499713897705
2006-08-24,1.998669981956482
2006-08-25,1.936210036277771
2006-08-28,1.8113000392913818
2006-08-29,1.8113000392913818
2006-08-30,1.8113000392913818
2006-08-31,1.936210036277771
2006-09-01,1.8113000392913818
2006-09-05,2.1235899925231934
2006-09-06,2.1235899925231934
2006-09-07,1.8113000392913818
2006-09-08,1.8737499713897705
2006-09-11,1.7488399744033813
2006-09-12,1.8737499713897705
2006-09-13,1.7488399744033813
2006-09-14,1.8113000392913818
2006-09-15,1.8737499713897705
2006-09-18,1.8113000392913818
2006-09-19,1.8737499713897705
2006-09-20,1.8113000392913818
2006-09-21,1.62391996383667
2006-09-22,1.4989999532699585
2006-09-25,1.6863800287246704
2006-09-26,1.561460018157959
2006-09-27,1.4989999532699585
2006-09-28,1.4989999532699585
2006-09-29,1.561460018157959
2006-10-02,1.561460018157959
2006-10-03,1.4989999532699585
2006-10-05,1.4989999532699585
2006-10-06,1.4989999532699585
2006-10-10,1.6863800287246704
2006-10-11,1.4365400075912476
2006-10-12,1.3740899562835693
2006-10-13,1.4365400075912476
2006-10-16,1.561460018157959
2006-10-17,1.62391996383667
2006-10-18,1.6863800287246704
2006-10-19,1.4365400075912476
2006-10-20,1.561460018157959
2006-10-24,1.4989999532699585
2006-10-25,1.561460018157959
2006-10-26,1.62391996383667
2006-10-27,1.7488399744033813
2006-10-30,1.561460018157959
2006-10-31,1.561460018157959
2006-11-01,1.7488399744033813
2006-11-02,1.561460018157959
2006-11-03,1.6863800287246704
2006-11-06,1.561460018157959
2006-11-07,1.4989999532699585
2006-11-08,1.4365400075912476
2006-11-09,1.4989999532699585
2006-11-10,1.4365400075912476
2006-11-13,1.4365400075912476
2006-11-14,1.4989999532699585
2006-11-15,1.561460018157959
2006-11-16,1.4989999532699585
2006-11-17,1.561460018157959
2006-11-20,1.4365400075912476
2006-11-21,1.3740899562835693
2006-11-22,1.4989999532699585
2006-11-24,1.4365400075912476
2006-11-27,1.62391996383667
2006-11-28,1.6863800287246704
2006-11-29,1.62391996383667
2006-11-30,1.6863800287246704
2006-12-01,1.7488399744033813
2006-12-04,1.6863800287246704
2006-12-05,1.7488399744033813
2006-12-06,1.8737499713897705
2006-12-07,1.8737499713897705
2006-12-08,1.7488399744033813
2006-12-11,1.7488399744033813
2006-12-12,1.7488399744033813
2006-12-13,1.62391996383667
2006-12-14,1.561460018157959
2006-12-15,1.7488399744033813
2006-12-18,1.7488399744033813
2006-12-19,1.7488399744033813
2006-12-20,1.6863800287246704
2006-12-21,1.8737499713897705
2006-12-22,1.7488399744033813
2006-12-27,1.6863800287246704
2006-12-28,1.8113000392913818
2006-12-29,1.998669981956482
2007-01-04,1.8113000392913818
2007-01-05,1.7488399744033813
2007-01-08,1.8113000392913818
2007-01-09,1.7488399744033813
2007-01-10,1.7488399744033813
2007-01-12,1.8737499713897705
2007-01-16,1.936210036277771
2007-01-17,1.998669981956482
2007-01-18,1.936210036277771
2007-01-19,1.998669981956482
2007-01-22,2.1235899925231934
2007-01-23,2.435879945755005
2007-01-24,2.248500108718872
2007-01-25,2.7481698989868164
2007-01-26,2.623260021209717
2007-01-29,2.248500108718872
2007-01-30,2.248500108718872
2007-01-31,2.1860499382019043
2007-02-01,2.435879945755005
2007-02-02,2.498339891433716
2007-02-05,2.310960054397583
2007-02-06,2.248500108718872
2007-02-07,2.248500108718872
2007-02-08,2.310960054397583
2007-02-09,2.373420000076294
2007-02-12,2.373420000076294
2007-02-13,2.435879945755005
2007-02-14,2.435879945755005
2007-02-15,2.310960054397583
2007-02-16,2.248500108718872
2007-02-20,2.310960054397583
2007-02-21,2.248500108718872
2007-02-22,2.248500108718872
2007-02-23,2.7481698989868164
2007-02-26,3.372760057449341
2007-02-27,2.9355499744415283
2007-02-28,2.9980099201202393
2007-03-01,2.9980099201202393
2007-03-02,2.8730900287628174
2007-03-05,2.373420000076294
2007-03-06,2.435879945755005
2007-03-07,2.6857099533081055
2007-03-08,2.560800075531006
2007-03-09,2.498339891433716
2007-03-12,2.560800075531006
2007-03-13,2.435879945755005
2007-03-14,2.435879945755005
2007-03-15,2.560800075531006
2007-03-16,2.498339891433716
2007-03-19,2.623260021209717
2007-03-20,2.8730900287628174
2007-03-21,2.8730900287628174
2007-03-22,2.623260021209717
2007-03-23,2.6857099533081055
2007-03-26,2.498339891433716
2007-03-27,2.498339891433716
2007-03-28,2.560800075531006
2007-03-29,2.560800075531006
2007-03-30,2.498339891433716
2007-04-02,2.498339891433716
2007-04-03,2.498339891433716
2007-04-04,2.373420000076294
2007-04-05,2.498339891433716
2007-04-09,2.8730900287628174
2007-04-10,2.9980099201202393
2007-04-11,2.8730900287628174
2007-04-12,2.9355499744415283
2007-04-13,2.6857099533081055
2007-04-16,2.498339891433716
2007-04-17,2.435879945755005
2007-04-18,2.310960054397583
2007-04-19,2.435879945755005
2007-04-20,2.373420000076294
2007-04-23,2.435879945755005
2007-04-25,2.560800075531006
2007-04-26,0.2553600072860718
2007-04-27,0.294050008058548
2007-04-30,0.3172599971294403
2007-05-01,0.3043699860572815
2007-05-02,0.28373000025749207
2007-05-03,0.2656700015068054
2007-05-04,0.28889000415802
2007-05-07,0.2785699963569641
2007-05-08,0.2656700015068054
2007-05-09,0.2682499885559082
2007-05-10,0.28373000025749207
2007-05-11,0.29662999510765076
2007-05-14,0.29662999510765076
2007-05-15,0.28373000025749207
2007-05-16,0.27340999245643616
2007-05-17,0.28373000025749207
2007-05-18,0.28889000415802
2007-05-21,0.28889000415802
2007-05-22,0.28889000415802
2007-05-23,0.2785699963569641
2007-05-24,0.2708300054073334
2007-05-25,0.27340999245643616
2007-05-29,0.2682499885559082
2007-05-30,0.27340999245643616
2007-05-31,0.28373000025749207
2007-06-01,0.28373000025749207
2007-06-04,0.294050008058548
2007-06-05,0.28630998730659485
2007-06-06,0.2992100119590759
2007-06-07,0.27599000930786133
2007-06-08,0.27599000930786133
2007-06-11,1.7488399744033813
2007-06-12,0.2785699963569641
2007-06-13,0.2682499885559082
2007-06-14,0.25793999433517456
2007-06-15,0.23214000463485718
2007-06-18,0.24762000143527985
2007-06-19,0.27340999245643616
2007-06-20,0.2630999982357025
2007-06-21,0.25793999433517456
2007-06-22,0.27340999245643616
2007-06-25,0.2656700015068054
2007-06-26,0.2656700015068054
2007-06-27,0.25793999433517456
2007-06-28,0.2502000033855438
2007-06-29,0.25793999433517456
2007-07-02,0.2553600072860718
2007-07-03,0.25793999433517456
2007-07-05,0.23214000463485718
2007-07-06,0.22439999878406525
2007-07-09,0.22698000073432922
2007-07-10,0.2424599975347519
2007-07-11,0.23214000463485718
2007-07-12,0.24503999948501587
2007-07-13,0.20118999481201172
2007-07-16,0.20634999871253967
2007-07-17,0.2037699967622757
2007-07-18,0.17798000574111938
2007-07-19,0.19860999286174774
2007-07-20,0.2037699967622757
2007-07-23,0.190870001912117
2007-07-24,0.18570999801158905
2007-07-25,0.190870001912117
2007-07-26,0.1754000037908554
2007-07-27,1.7488399744033813
2007-07-30,0.18570999801158905
2007-07-31,0.18570999801158905
2007-08-01,0.18570999801158905
2007-08-02,0.1754000037908554
2007-08-03,0.1650799959897995
2007-08-06,0.1392900049686432
2007-08-07,0.13413000106811523
2007-08-08,0.14443999528884888
2007-08-09,0.12896999716758728
2007-08-10,0.12122999876737595
2007-08-13,0.12381000071763992
2007-08-14,0.11864999681711197
2007-08-16,0.1031700000166893
2007-08-20,0.1031700000166893
2007-08-21,0.1031700000166893
2007-08-22,0.1031700000166893
2007-08-23,0.1031700000166893
2007-08-24,0.09802000224590302
2007-08-27,0.10832999646663666
2007-08-28,0.11349000036716461
2007-08-30,0.1031700000166893
2007-08-31,0.1031700000166893
2007-09-05,0.1031700000166893
2007-09-06,0.10832999646663666
2007-09-07,0.11349000036716461
2007-09-10,0.10832999646663666
2007-09-11,0.11607000231742859
2007-09-12,0.10832999646663666
2007-09-13,0.11607000231742859
2007-09-14,0.10575000196695328
2007-09-17,0.11349000036716461
2007-09-18,0.12896999716758728
2007-09-19,0.11349000036716461
2007-09-20,0.11349000036716461
2007-09-21,0.11349000036716461
2007-09-24,0.11349000036716461
2007-09-25,0.11349000036716461
2007-09-26,0.10575000196695328
2007-09-27,0.11349000036716461
2007-09-28,0.11349000036716461
2007-10-02,0.11864999681711197
2007-10-03,0.11349000036716461
2007-10-04,0.11864999681711197
2007-10-05,0.11864999681711197
2007-10-08,0.12896999716758728
2007-10-09,0.12896999716758728
2007-10-10,0.14443999528884888
2007-10-11,0.16249999403953552
2007-10-12,0.16249999403953552
2007-10-15,0.1650799959897995
2007-10-16,0.14701999723911285
2007-10-17,0.17023999989032745
2007-10-18,0.15734000504016876
2007-10-19,0.15992000699043274
2007-10-22,0.15476000308990479
2007-10-23,0.14959999918937683
2007-10-24,0.15476000308990479
2007-10-26,0.1392900049686432
2007-10-29,0.14443999528884888
2007-10-30,0.14959999918937683
2007-10-31,0.14959999918937683
2007-11-01,0.15476000308990479
2007-11-02,0.15476000308990479
2007-11-05,0.15476000308990479
2007-11-06,0.14959999918937683
2007-11-07,0.14959999918937683
2007-11-08,0.14959999918937683
2007-11-09,0.15476000308990479
2007-11-12,0.14187000691890717
2007-11-13,0.12896999716758728
2007-11-14,0.12896999716758728
2007-11-15,0.1263899952173233
2007-11-16,0.12896999716758728
2007-11-19,0.1263899952173233
2007-11-20,0.1263899952173233
2007-11-23,0.12381000071763992
2007-11-26,0.10575000196695328
2007-11-27,0.11607000231742859
2007-11-28,0.12122999876737595
2007-11-29,0.12381000071763992
2007-12-03,0.11090999841690063
2007-12-04,0.10832999646663666
2007-12-05,0.1031700000166893
2007-12-06,0.09802000224590302
2007-12-07,0.1031700000166893
2007-12-10,0.09802000224590302
2007-12-13,0.1031700000166893
2007-12-14,0.11864999681711197
2007-12-17,0.09802000224590302
2007-12-18,0.09802000224590302
2007-12-20,0.11349000036716461
2007-12-21,0.10832999646663666
2007-12-28,0.10832999646663666
2007-12-31,0.10832999646663666
2008-01-02,0.0877000018954277
2008-01-04,0.0877000018954277
2008-01-08,0.1031700000166893
2008-01-09,0.09544000029563904
2008-01-10,0.09802000224590302
2008-01-14,0.09285999834537506
2008-01-15,0.0877000018954277
2008-01-16,0.0877000018954277
2008-01-17,0.08253999799489975
2008-01-18,0.1031700000166893
2008-01-22,0.07738000154495239
2008-01-23,0.07738000154495239
2008-01-28,1.124250054359436
2008-01-30,0.9993399977684021
2008-02-01,0.07738000154495239
2008-02-04,0.07738000154495239
2008-02-05,0.9993399977684021
2008-02-06,0.9368799924850464
2008-02-13,0.06706000119447708
2008-02-14,0.9368799924850464
2008-02-19,0.06706000119447708
2008-02-20,0.9368799924850464
2008-02-22,0.07738000154495239
2008-02-25,0.07738000154495239
2008-02-27,0.06706000119447708
2008-02-28,0.07738000154495239
2008-02-29,0.06706000119447708
2008-03-03,0.06706000119447708
2008-03-04,0.05674999952316284
2008-03-05,0.05674999952316284
2008-03-06,0.05674999952316284
2008-03-07,0.051589999347925186
2008-03-10,0.051589999347925186
2008-03-11,0.04642999917268753
2008-03-12,0.051589999347925186
2008-03-13,0.037140000611543655
2008-03-14,0.04642999917268753
2008-03-17,0.051589999347925186
2008-03-18,0.051589999347925186
2008-03-25,0.04642999917268753
2008-03-26,0.051589999347925186
2008-03-27,0.04642999917268753
2008-04-01,0.04642999917268753
2008-04-02,0.05107000097632408
2008-04-03,0.05107000097632408
2008-04-08,0.061900001019239426
2008-04-10,0.051589999347925186
2008-04-11,0.046939998865127563
2008-04-16,0.04642999917268753
2008-04-18,0.051589999347925186
2008-04-21,0.0644799992442131
2008-04-22,0.05933000147342682
2008-04-23,0.061900001019239426
2008-04-24,0.061900001019239426
2008-04-25,0.8744199872016907
2008-04-28,0.0644799992442131
2008-04-29,0.07738000154495239
2008-04-30,0.07738000154495239
2008-05-01,0.061900001019239426
2008-05-02,0.061900001019239426
2008-05-05,0.05674999952316284
2008-05-06,0.05674999952316284
2008-05-07,0.06706000119447708
2008-05-08,0.07221999764442444
2008-05-09,0.06706000119447708
2008-05-12,0.06706000119447708
2008-05-13,0.0644799992442131
2008-05-15,0.0644799992442131
2008-05-16,0.061900001019239426
2008-05-19,0.061900001019239426
2008-05-20,0.061900001019239426
2008-05-21,0.05674999952316284
2008-05-22,0.05674999952316284
2008-05-27,0.0644799992442131
2008-05-28,0.07996000349521637
2008-05-29,0.09027999639511108
2008-05-30,0.09027999639511108
2008-06-02,0.07996000349521637
2008-06-03,0.08253999799489975
2008-06-05,0.08511999994516373
2008-06-06,0.09285999834537506
2008-06-09,1.62391996383667
2008-06-10,0.09027999639511108
2008-06-12,0.08253999799489975
2008-06-13,0.08511999994516373
2008-06-16,0.07738000154495239
2008-06-17,0.07996000349521637
2008-06-18,0.08253999799489975
2008-06-19,0.07479999959468842
2008-06-20,0.07738000154495239
2008-06-24,0.07479999959468842
2008-06-25,0.061900001019239426
2008-06-26,0.061900001019239426
2008-06-27,0.061900001019239426
2008-06-30,0.051589999347925186
2008-07-02,0.06706000119447708
2008-07-09,0.051589999347925186
2008-07-10,0.05417000129818916
2008-07-11,0.051589999347925186
2008-07-14,0.04746000096201897
2008-07-15,0.04487999901175499
2008-07-17,0.04642999917268753
2008-07-18,0.041269998997449875
2008-07-21,0.041269998997449875
2008-07-23,0.04332999885082245
2008-07-24,0.04385000094771385
2008-07-31,0.038690000772476196
2008-08-05,0.041269998997449875
2008-08-06,0.041269998997449875
2008-08-08,0.041269998997449875
2008-08-13,0.03765999898314476
2008-08-15,0.041269998997449875
2008-08-19,0.041269998997449875
2008-08-22,0.04901000112295151
2008-08-26,0.04901000112295151
2008-08-27,0.041269998997449875
2008-09-04,0.041269998997449875
2008-09-10,0.03610999882221222
2008-09-12,0.041269998997449875
2008-09-16,0.041269998997449875
2008-09-17,0.04230000078678131
2008-09-18,0.04230000078678131
2008-09-19,0.046939998865127563
2008-09-24,0.051589999347925186
2008-09-26,0.051589999347925186
2008-10-02,0.05107000097632408
2008-10-03,0.04230000078678131
2008-10-07,0.04230000078678131
2008-10-08,0.03610999882221222
2008-10-09,0.03610999882221222
2008-10-10,0.03353000059723854
2008-10-21,0.03610999882221222
2008-10-22,0.03610999882221222
2008-10-24,0.030950000509619713
2008-10-27,0.030950000509619713
2008-10-28,0.030950000509619713
2008-10-30,0.030950000509619713
2008-10-31,0.03353000059723854
2008-11-12,0.03353000059723854
2008-11-24,0.028370000422000885
2008-12-01,0.025790000334382057
2009-01-02,0.025790000334382057
2009-01-06,0.025790000334382057
2009-01-08,0.0206300001591444
2009-01-12,0.0206300001591444
2009-01-14,0.0206300001591444
2009-01-28,0.013410000130534172
2009-01-30,0.018060000613331795
2009-02-03,0.018060000613331795
2009-02-04,0.016510000452399254
2009-02-10,0.014440000057220459
2009-02-12,0.014440000057220459
2009-03-03,0.015479999594390392
2009-03-04,0.014440000057220459
2009-03-16,0.014440000057220459
2009-03-18,0.014440000057220459
2009-03-20,0.012900000438094139
2009-03-26,0.018060000613331795
2009-04-01,0.018060000613331795
2009-04-02,0.016510000452399254
2009-04-03,0.018060000613331795
2009-04-07,0.01909000054001808
2009-04-09,0.023730000481009483
2009-04-13,0.6245800256729126
2009-04-27,0.02631000056862831
2009-04-29,0.03610999882221222
2009-05-01,0.03610999882221222
2009-05-04,0.03610999882221222
2009-05-06,0.030950000509619713
2009-05-11,0.025790000334382057
2009-05-12,0.025790000334382057
2009-05-14,0.025790000334382057
2009-05-15,0.05674999952316284
2009-05-18,0.051589999347925186
2009-05-19,0.051589999347925186
2009-05-20,0.051589999347925186
2009-05-27,0.051589999347925186
2009-05-28,0.04385000094771385
2009-06-01,0.04901000112295151
2009-06-02,0.04901000112295151
2009-06-03,0.04901000112295151
2009-06-04,0.04901000112295151
2009-06-05,0.051589999347925186
2009-06-08,0.3747499883174896
2009-06-09,0.05417000129818916
2009-06-10,0.04746000096201897
2009-06-11,0.05107000097632408
2009-06-12,0.051589999347925186
2009-06-15,0.04642999917268753
2009-06-18,0.04642999917268753
2009-06-22,0.051589999347925186
2009-06-25,0.05107000097632408
2009-06-26,0.05107000097632408
2009-06-29,0.04901000112295151
2009-07-01,0.04230000078678131
2009-07-02,0.038690000772476196
2009-07-06,0.04230000078678131
2009-07-09,0.05056000128388405
2009-07-10,0.045910000801086426
2009-07-13,0.04332999885082245
2009-07-14,0.045910000801086426
2009-07-15,0.051589999347925186
2009-07-16,0.051589999347925186
2009-07-17,0.051589999347925186
2009-07-20,0.05417000129818916
2009-07-21,0.05933000147342682
2009-07-22,0.07221999764442444
2009-07-23,0.07221999764442444
2009-07-24,0.061900001019239426
2009-07-27,0.061900001019239426
2009-07-28,0.051589999347925186
2009-07-29,0.04901000112295151
2009-07-30,0.05674999952316284
2009-07-31,0.051589999347925186
2009-08-03,0.04642999917268753
2009-08-04,0.048489999026060104
2009-08-07,0.05674999952316284
2009-08-10,0.05417000129818916
2009-08-11,0.05674999952316284
2009-08-12,0.051589999347925186
2009-08-13,0.051589999347925186
2009-08-14,0.051589999347925186
2009-08-17,0.05417000129818916
2009-08-18,0.05674999952316284
2009-08-19,0.051589999347925186
2009-08-20,0.050039999186992645
2009-08-21,0.050039999186992645
2009-08-24,0.050039999186992645
2009-08-25,0.04642999917268753
2009-08-26,0.04385000094771385
2009-08-27,0.04901000112295151
2009-08-28,0.04901000112295151
2009-08-31,0.04642999917268753
2009-09-03,0.045910000801086426
2009-09-04,0.04642999917268753
2009-09-08,0.045910000801086426
2009-09-09,0.04746000096201897
2009-09-10,0.04746000096201897
2009-09-11,0.05417000129818916
2009-09-14,0.05674999952316284
2009-09-15,0.0644799992442131
2009-09-16,0.05933000147342682
2009-09-17,0.05674999952316284
2009-09-18,0.05674999952316284
2009-09-21,0.05417000129818916
2009-09-22,0.0644799992442131
2009-09-24,0.05933000147342682
2009-09-25,0.05674999952316284
2009-09-28,0.04746000096201897
2009-09-29,0.05674999952316284
2009-09-30,0.05674999952316284
2009-10-01,0.05417000129818916
2009-10-02,0.05417000129818916
2009-10-06,0.07221999764442444
2009-10-07,0.07479999959468842
2009-10-08,0.08253999799489975
2009-10-09,0.08511999994516373
2009-10-12,0.09544000029563904
2009-10-13,0.09285999834537506
2009-10-14,0.0877000018954277
2009-10-15,0.09544000029563904
2009-10-16,0.09544000029563904
2009-10-19,0.09285999834537506
2009-10-20,0.0877000018954277
2009-10-21,0.0877000018954277
2009-10-22,0.08253999799489975
2009-10-23,0.08511999994516373
2009-10-26,0.08253999799489975
2009-10-27,0.07738000154495239
2009-10-28,0.07996000349521637
2009-10-29,0.07479999959468842
2009-10-30,0.08511999994516373
2009-11-02,0.08253999799489975
2009-11-03,0.08511999994516373
2009-11-04,0.09027999639511108
2009-11-05,0.08253999799489975
2009-11-06,0.08253999799489975
2009-11-09,0.0877000018954277
2009-11-10,0.08253999799489975
2009-11-11,0.07996000349521637
2009-11-12,0.07996000349521637
2009-11-13,0.07479999959468842
2009-11-16,0.07738000154495239
2009-11-17,0.07738000154495239
2009-11-18,0.07738000154495239
2009-11-19,0.07479999959468842
2009-11-20,0.3497700095176697
2009-11-23,0.07738000154495239
2009-11-24,0.07996000349521637
2009-11-25,0.07221999764442444
2009-11-27,0.06706000119447708
2009-11-30,0.06706000119447708
2009-12-01,0.0644799992442131
2009-12-02,0.05933000147342682
2009-12-03,0.0644799992442131
2009-12-04,0.0644799992442131
2009-12-07,0.061900001019239426
2009-12-08,0.061900001019239426
2009-12-09,0.061900001019239426
2009-12-10,0.05674999952316284
2009-12-11,0.05933000147342682
2009-12-14,0.051589999347925186
2009-12-15,0.051589999347925186
2009-12-16,0.051589999347925186
2009-12-17,0.05056000128388405
2009-12-22,0.04901000112295151
2009-12-23,0.051589999347925186
2009-12-24,0.051589999347925186
2009-12-29,0.3497700095176697
2009-12-30,0.051589999347925186
2010-01-04,0.051589999347925186
2010-01-05,0.061900001019239426
2010-01-06,0.05933000147342682
2010-01-07,0.05417000129818916
2010-01-08,0.051589999347925186
2010-01-11,0.05674999952316284
2010-01-12,0.05674999952316284
2010-01-14,0.051589999347925186
2010-01-19,0.04901000112295151
2010-01-21,0.04642999917268753
2010-01-22,0.04385000094771385
2010-01-25,0.041269998997449875
2010-01-26,0.42471998929977417
2010-01-28,0.04436999931931496
2010-01-29,0.04642999917268753
2010-02-01,0.3747499883174896
2010-02-02,0.04385000094771385
2010-02-03,0.3497700095176697
2010-02-04,0.3747499883174896
2010-02-05,0.04024000093340874
2010-02-08,0.04230000078678131
2010-02-10,0.04385000094771385
2010-02-11,0.041269998997449875
2010-02-12,0.3747499883174896
2010-02-16,0.04385000094771385
2010-02-17,0.04797999933362007
2010-02-23,0.04385000094771385
2010-02-25,0.04024000093340874
2010-03-02,0.0392099991440773
2010-03-03,0.038690000772476196
2010-03-04,0.03816999867558479
2010-03-05,0.03816999867558479
2010-03-10,0.038690000772476196
2010-03-11,0.038690000772476196
2010-03-12,0.037140000611543655
2010-03-15,0.038690000772476196
2010-03-16,0.038690000772476196
2010-03-17,0.042819999158382416
2010-03-18,0.04642999917268753
2010-03-19,0.051589999347925186
2010-03-22,0.05417000129818916
2010-03-23,0.05417000129818916
2010-03-24,0.051589999347925186
2010-03-25,0.3247799873352051
2010-03-29,0.05674999952316284
2010-03-31,0.051589999347925186
2010-04-01,0.05674999952316284
2010-04-06,0.05674999952316284
2010-04-08,0.05674999952316284
2010-04-09,0.05674999952316284
2010-04-12,0.04487999901175499
2010-04-14,0.04642999917268753
2010-04-15,0.04901000112295151
2010-04-19,0.04642999917268753
2010-04-20,0.04540000110864639
2010-04-22,0.04642999917268753
2010-04-26,0.29980000853538513
2010-04-27,0.04642999917268753
2010-04-28,0.04642999917268753
2010-05-03,0.04540000110864639
2010-05-04,0.048489999026060104
2010-05-07,0.03816999867558479
2010-05-10,0.03816999867558479
2010-05-11,0.04642999917268753
2010-05-12,0.04642999917268753
2010-05-13,0.045910000801086426
2010-05-14,0.04642999917268753
2010-05-17,0.04230000078678131
2010-05-18,0.045910000801086426
2010-05-19,0.03610999882221222
2010-05-20,0.034049998968839645
2010-05-21,0.03610999882221222
2010-05-24,0.03610999882221222
2010-05-26,0.03353000059723854
2010-05-27,0.03353000059723854
2010-06-01,0.03610999882221222
2010-06-02,0.03353000059723854
2010-06-04,0.03610999882221222
2010-06-08,0.034049998968839645
2010-06-09,0.034049998968839645
2010-06-11,0.03353000059723854
2010-06-15,0.03353000059723854
2010-06-17,0.03610999882221222
2010-06-18,0.03610999882221222
2010-06-21,0.03610999882221222
2010-06-22,0.03610999882221222
2010-06-23,0.037140000611543655
2010-06-24,0.038690000772476196
2010-06-25,0.04075000062584877
2010-06-29,0.037140000611543655
2010-06-30,0.03610999882221222
2010-07-02,0.29980000853538513
2010-07-08,0.2498299926519394
2010-07-12,0.2498299926519394
2010-07-13,0.22484999895095825
2010-07-14,0.2498299926519394
2010-07-15,0.2498299926519394
2010-07-19,0.037140000611543655
2010-07-20,0.2498299926519394
2010-07-21,0.042819999158382416
2010-07-22,0.041269998997449875
2010-07-23,0.041269998997449875
2010-07-26,0.038690000772476196
2010-07-27,0.2748199999332428
2010-07-28,0.2748199999332428
2010-07-29,0.038690000772476196
2010-07-30,0.2748199999332428
2010-08-03,0.2748199999332428
2010-08-04,0.29980000853538513
2010-08-05,0.29980000853538513
2010-08-06,0.3247799873352051
2010-08-09,0.3747499883174896
2010-08-10,0.041269998997449875
2010-08-11,0.03610999882221222
2010-08-12,0.42471998929977417
2010-08-13,0.42471998929977417
2010-08-16,0.037140000611543655
2010-08-18,0.39972999691963196
2010-08-19,0.03610999882221222
2010-08-20,0.03610999882221222
2010-08-23,0.39972999691963196
2010-08-24,0.034049998968839645
2010-08-25,0.034049998968839645
2010-08-26,0.42471998929977417
2010-08-27,0.03455999866127968
2010-08-30,0.041269998997449875
2010-08-31,0.4496999979019165
2010-09-01,0.42471998929977417
2010-09-02,0.04230000078678131
2010-09-03,0.04024000093340874
2010-09-07,0.04642999917268753
2010-09-08,0.04746000096201897
2010-09-09,0.051589999347925186
2010-09-10,0.05417000129818916
2010-09-13,0.051589999347925186
2010-09-14,0.04901000112295151
2010-09-15,0.05056000128388405
2010-09-16,0.04901000112295151
2010-09-17,0.05056000128388405
2010-09-20,0.04901000112295151
2010-09-21,0.47468000650405884
2010-09-22,0.04642999917268753
2010-09-23,0.042819999158382416
2010-09-24,0.0392099991440773
2010-09-27,0.0392099991440773
2010-09-28,0.051589999347925186
2010-09-29,0.05107000097632408
2010-09-30,0.051589999347925186
2010-10-01,0.05056000128388405
2010-10-04,0.04901000112295151
2010-10-05,0.04332999885082245
2010-10-06,0.04642999917268753
2010-10-07,0.04642999917268753
2010-10-08,0.47468000650405884
2010-10-12,0.49966999888420105
2010-10-13,0.05417000129818916
2010-10-14,0.05417000129818916
2010-10-15,0.051589999347925186
2010-10-18,0.08253999799489975
2010-10-19,0.07221999764442444
2010-10-20,0.06964000314474106
2010-10-21,0.06964000314474106
2010-10-22,0.07479999959468842
2010-10-25,0.07221999764442444
2010-10-26,0.11607000231742859
2010-10-27,0.10575000196695328
2010-10-28,0.12381000071763992
2010-10-29,0.17023999989032745
2010-11-01,0.16765999794006348
2010-11-02,0.16765999794006348
2010-11-03,0.17023999989032745
2010-11-04,0.16249999403953552
2010-11-05,0.17023999989032745
2010-11-08,0.1650799959897995
2010-11-09,0.16249999403953552
2010-11-10,0.15476000308990479
2010-11-11,0.16765999794006348
2010-11-12,0.1650799959897995
2010-11-15,0.14443999528884888
2010-11-16,0.12896999716758728
2010-11-17,0.3747499883174896
2010-11-18,0.42471998929977417
2010-11-19,0.13413000106811523
2010-11-22,0.1367100030183792
2010-11-23,0.13413000106811523
2010-11-24,0.14187000691890717
2010-11-26,0.14443999528884888
2010-11-29,0.1392900049686432
2010-11-30,0.1392900049686432
2010-12-01,0.1392900049686432
2010-12-02,0.1392900049686432
2010-12-03,0.13413000106811523
2010-12-06,0.13154999911785126
2010-12-07,0.13154999911785126
2010-12-08,0.12896999716758728
2010-12-09,0.12381000071763992
2010-12-10,0.12381000071763992
2010-12-13,0.12122999876737595
2010-12-14,0.12896999716758728
2010-12-15,0.1263899952173233
2010-12-16,0.12896999716758728
2010-12-17,0.1367100030183792
2010-12-20,0.13154999911785126
2010-12-21,0.12896999716758728
2010-12-22,0.12896999716758728
2010-12-23,0.12896999716758728
2010-12-29,0.13413000106811523
2010-12-30,0.14443999528884888
2010-12-31,0.14443999528884888
2011-01-04,0.14187000691890717
2011-01-05,0.1367100030183792
2011-01-06,0.14187000691890717
2011-01-07,0.14701999723911285
2011-01-10,0.14959999918937683
2011-01-11,0.16249999403953552
2011-01-12,0.17023999989032745
2011-01-13,0.39972999691963196
2011-01-14,0.1754000037908554
2011-01-18,0.18055999279022217
2011-01-19,0.19603000581264496
2011-01-20,0.20634999871253967
2011-01-21,0.19860999286174774
2011-01-24,0.18828999996185303
2011-01-25,0.17282000184059143
2011-01-26,0.5496299862861633
2011-01-27,0.18055999279022217
2011-01-28,0.17282000184059143
2011-01-31,0.17798000574111938
2011-02-01,0.16249999403953552
2011-02-02,0.17798000574111938
2011-02-03,0.19603000581264496
2011-02-04,0.18570999801158905
2011-02-07,0.1754000037908554
2011-02-08,0.1754000037908554
2011-02-09,0.17023999989032745
2011-02-10,0.1754000037908554
2011-02-11,0.1754000037908554
2011-02-14,0.18055999279022217
2011-02-15,0.18055999279022217
2011-02-16,0.18055999279022217
2011-02-17,0.190870001912117
2011-02-18,0.20118999481201172
2011-02-22,0.18570999801158905
2011-02-23,0.18828999996185303
2011-02-24,0.18055999279022217
2011-02-25,0.18055999279022217
2011-02-28,0.190870001912117
2011-03-01,0.19860999286174774
2011-03-02,0.20118999481201172
2011-03-03,0.19860999286174774
2011-03-04,0.22439999878406525
2011-03-07,0.2295600026845932
2011-03-08,0.2424599975347519
2011-03-09,0.22698000073432922
2011-03-10,0.21151000261306763
2011-03-11,0.22439999878406525
2011-03-14,0.18828999996185303
2011-03-15,0.16249999403953552
2011-03-16,0.1754000037908554
2011-03-17,0.1754000037908554
2011-03-18,0.20118999481201172
2011-03-21,0.20634999871253967
2011-03-22,0.2037699967622757
2011-03-23,0.20634999871253967
2011-03-24,0.20118999481201172
2011-03-25,0.18312999606132507
2011-03-28,0.190870001912117
2011-03-29,0.17798000574111938
2011-03-30,0.1754000037908554
2011-03-31,0.1650799959897995
2011-04-01,0.16249999403953552
2011-04-04,0.17023999989032745
2011-04-05,0.1650799959897995
2011-04-06,0.15476000308990479
2011-04-07,0.16249999403953552
2011-04-08,0.1650799959897995
2011-04-11,0.14959999918937683
2011-04-12,0.15476000308990479
2011-04-13,0.16765999794006348
2011-04-14,0.1650799959897995
2011-04-15,0.15992000699043274
2011-04-18,0.16249999403953552
2011-04-19,0.1521800011396408
2011-04-20,0.15476000308990479
2011-04-21,0.1521800011396408
2011-04-25,0.524649977684021
2011-04-26,0.4496999979019165
2011-04-27,0.14443999528884888
2011-04-28,0.14443999528884888
2011-04-29,0.14701999723911285
2011-05-02,0.1392900049686432
2011-05-03,0.12381000071763992
2011-05-04,0.12381000071763992
2011-05-05,0.11864999681711197
2011-05-06,0.12381000071763992
2011-05-09,0.12896999716758728
2011-05-10,0.1392900049686432
2011-05-11,0.13413000106811523
2011-05-12,0.12122999876737595
2011-05-13,0.11864999681711197
2011-05-16,0.12122999876737595
2011-05-17,0.11607000231742859
2011-05-18,0.11349000036716461
2011-05-19,0.3747499883174896
2011-05-20,0.10832999646663666
2011-05-23,0.11349000036716461
2011-05-24,0.09802000224590302
2011-05-25,0.1005999967455864
2011-05-26,0.1031700000166893
2011-05-27,0.10575000196695328
2011-05-31,0.11090999841690063
2011-06-01,0.09802000224590302
2011-06-02,0.09285999834537506
2011-06-03,0.0877000018954277
2011-06-06,0.0877000018954277
2011-06-07,0.0877000018954277
2011-06-08,0.0877000018954277
2011-06-09,0.09285999834537506
2011-06-10,0.11090999841690063
2011-06-13,0.39972999691963196
2011-06-14,0.12381000071763992
2011-06-15,0.1392900049686432
2011-06-16,0.12381000071763992
2011-06-17,0.11864999681711197
2011-06-20,0.12381000071763992
2011-06-21,0.12122999876737595
2011-06-22,0.11607000231742859
2011-06-23,0.1263899952173233
2011-06-24,0.12381000071763992
2011-06-27,0.3497700095176697
2011-06-28,0.11864999681711197
2011-06-29,0.11349000036716461
2011-06-30,0.11349000036716461
2011-07-01,0.11349000036716461
2011-07-05,0.10832999646663666
2011-07-06,0.10832999646663666
2011-07-07,0.1031700000166893
2011-07-08,0.10575000196695328
2011-07-11,0.09802000224590302
2011-07-12,0.09285999834537506
2011-07-13,0.1005999967455864
2011-07-14,0.1005999967455864
2011-07-15,0.09802000224590302
2011-07-18,0.1031700000166893
2011-07-19,0.11349000036716461
2011-07-20,0.09802000224590302
2011-07-21,0.09802000224590302
2011-07-22,0.1005999967455864
2011-07-25,0.09802000224590302
2011-07-26,0.09544000029563904
2011-07-27,0.09544000029563904
2011-07-28,0.09027999639511108
2011-07-29,0.09027999639511108
2011-08-01,0.09285999834537506
2011-08-02,0.09027999639511108
2011-08-03,0.09027999639511108
2011-08-04,0.09027999639511108
2011-08-05,0.07996000349521637
2011-08-08,0.08253999799489975
2011-08-09,0.07221999764442444
2011-08-10,0.08253999799489975
2011-08-11,0.08253999799489975
2011-08-12,0.0877000018954277
2011-08-15,0.09544000029563904
2011-08-16,0.09802000224590302
2011-08-17,0.10832999646663666
2011-08-18,0.1005999967455864
2011-08-19,0.1005999967455864
2011-08-22,0.09285999834537506
2011-08-23,0.09285999834537506
2011-08-24,0.09027999639511108
2011-08-25,0.09285999834537506
2011-08-26,0.0877000018954277
2011-08-29,0.0877000018954277
2011-08-30,0.09027999639511108
2011-08-31,0.09544000029563904
2011-09-01,0.09802000224590302
2011-09-02,0.09802000224590302
2011-09-06,0.08511999994516373
2011-09-07,0.0877000018954277
2011-09-08,0.09285999834537506
2011-09-09,0.07996000349521637
2011-09-12,0.08253999799489975
2011-09-13,0.08253999799489975
2011-09-14,0.08253999799489975
2011-09-15,0.1031700000166893
2011-09-16,0.09802000224590302
2011-09-19,0.09285999834537506
2011-09-20,0.09027999639511108
2011-09-21,0.09027999639511108
2011-09-22,0.08253999799489975
2011-09-23,0.07996000349521637
2011-09-26,0.07738000154495239
2011-09-27,0.08253999799489975
2011-09-28,0.08253999799489975
2011-09-29,0.07738000154495239
2011-09-30,0.07738000154495239
2011-10-03,0.07738000154495239
2011-10-04,0.07479999959468842
2011-10-05,0.07479999959468842
2011-10-06,0.07738000154495239
2011-10-07,0.07738000154495239
2011-10-10,0.07738000154495239
2011-10-11,0.07738000154495239
2011-10-12,0.07738000154495239
2011-10-13,0.07738000154495239
2011-10-14,0.07221999764442444
2011-10-17,0.2748199999332428
2011-10-18,0.07738000154495239
2011-10-19,0.07996000349521637
2011-10-20,0.07479999959468842
2011-10-21,0.07479999959468842
2011-10-24,0.07479999959468842
2011-10-25,0.07738000154495239
2011-10-26,0.07738000154495239
2011-10-27,0.08511999994516373
2011-10-28,0.09027999639511108
2011-10-31,0.3497700095176697
2011-11-01,0.08511999994516373
2011-11-02,0.08511999994516373
2011-11-03,0.0877000018954277
2011-11-04,0.3247799873352051
2011-11-07,0.3247799873352051
2011-11-08,0.08511999994516373
2011-11-09,0.08511999994516373
2011-11-10,0.07738000154495239
2011-11-11,0.39972999691963196
2011-11-14,0.07738000154495239
2011-11-15,0.08511999994516373
2011-11-16,0.0877000018954277
2011-11-17,0.0877000018954277
2011-11-18,0.08253999799489975
2011-11-21,0.09027999639511108
2011-11-22,0.0877000018954277
2011-11-23,0.08253999799489975
2011-11-25,0.07738000154495239
2011-11-28,0.07738000154495239
2011-11-29,0.07479999959468842
2011-12-01,0.07479999959468842
2011-12-02,0.07479999959468842
2011-12-05,0.07738000154495239
2011-12-06,0.08253999799489975
2011-12-07,0.07738000154495239
2011-12-08,0.07738000154495239
2011-12-09,0.07738000154495239
2011-12-12,0.07738000154495239
2011-12-13,0.07738000154495239
2011-12-14,0.07738000154495239
2011-12-15,0.07738000154495239
2011-12-16,0.07738000154495239
2011-12-19,0.07221999764442444
2011-12-29,0.06964000314474106
2011-12-30,0.07221999764442444
2012-01-09,0.06706000119447708
2012-01-10,0.06706000119447708
2012-01-11,0.06706000119447708
2012-01-12,0.06964000314474106
2012-01-13,0.07221999764442444
2012-01-17,0.07221999764442444
2012-01-18,0.06964000314474106
2012-01-19,0.06706000119447708
2012-01-20,0.07221999764442444
2012-01-23,0.07221999764442444
2012-01-24,0.06706000119447708
2012-01-25,0.06964000314474106
2012-01-27,0.06706000119447708
2012-01-30,0.07221999764442444
2012-01-31,0.07221999764442444
2012-02-01,0.07738000154495239
2012-02-02,0.07996000349521637
2012-02-03,0.07479999959468842
2012-02-07,0.0877000018954277
2012-02-08,0.08253999799489975
2012-02-09,0.0877000018954277
2012-02-10,0.09027999639511108
2012-02-13,0.09544000029563904
2012-02-14,0.09285999834537506
2012-02-15,0.0877000018954277
2012-02-16,0.09285999834537506
2012-02-17,0.10832999646663666
2012-02-21,0.10832999646663666
2012-02-22,0.10832999646663666
2012-02-23,0.11090999841690063
2012-02-24,0.12381000071763992
2012-02-27,0.11349000036716461
2012-02-28,0.12122999876737595
2012-02-29,0.11864999681711197
2012-03-01,0.11864999681711197
2012-03-02,0.11607000231742859
2012-03-05,0.11349000036716461
2012-03-06,0.10575000196695328
2012-03-07,0.10832999646663666
2012-03-08,0.1031700000166893
2012-03-09,0.1031700000166893
2012-03-12,0.1005999967455864
2012-03-13,0.09802000224590302
2012-03-14,0.09802000224590302
2012-03-15,0.09544000029563904
2012-03-16,0.09802000224590302
2012-03-19,0.09544000029563904
2012-03-20,0.10832999646663666
2012-03-21,0.11349000036716461
2012-03-22,0.11349000036716461
2012-03-23,0.11090999841690063
2012-03-26,0.10575000196695328
2012-03-27,0.1031700000166893
2012-03-28,0.1031700000166893
2012-03-29,0.11090999841690063
2012-03-30,0.10832999646663666
2012-04-02,0.1031700000166893
2012-04-04,0.09802000224590302
2012-04-05,0.09802000224590302
2012-04-10,0.09802000224590302
2012-04-11,0.0877000018954277
2012-04-12,0.09027999639511108
2012-04-16,0.09802000224590302
2012-04-17,0.09802000224590302
2012-04-19,0.09027999639511108
2012-04-20,0.09027999639511108
2012-04-23,0.09285999834537506
2012-04-24,0.09544000029563904
2012-04-26,0.09544000029563904
2012-04-27,0.11349000036716461
2012-04-30,0.10575000196695328
2012-05-01,0.10832999646663666
2012-05-02,0.1031700000166893
2012-05-03,0.1005999967455864
2012-05-04,0.09802000224590302
2012-05-07,0.09544000029563904
2012-05-08,0.09285999834537506
2012-05-09,0.09027999639511108
2012-05-10,0.0877000018954277
2012-05-11,0.0877000018954277
2012-05-15,0.08253999799489975
2012-05-16,0.07479999959468842
2012-05-17,0.07479999959468842
2012-05-18,0.07221999764442444
2012-05-21,0.06964000314474106
2012-05-23,0.07221999764442444
2012-05-25,0.08253999799489975
2012-05-29,0.08253999799489975
2012-05-31,0.07221999764442444
2012-06-04,0.06964000314474106
2012-06-05,0.06964000314474106
2012-06-06,0.07221999764442444
2012-06-07,0.06964000314474106
2012-06-12,0.06706000119447708
2012-06-13,0.06706000119447708
2012-06-14,0.06706000119447708
2012-06-18,0.061900001019239426
2012-06-19,0.07221999764442444
2012-06-20,0.07221999764442444
2012-06-21,0.07996000349521637
2012-06-22,0.07996000349521637
2012-06-25,0.0644799992442131
2012-06-26,0.061900001019239426
2012-06-27,0.06706000119447708
2012-06-28,0.061900001019239426
2012-07-02,0.06706000119447708
2012-07-03,0.06706000119447708
2012-07-05,0.0644799992442131
2012-07-06,0.06706000119447708
2012-07-09,0.06964000314474106
2012-07-11,0.061900001019239426
2012-07-12,0.05933000147342682
2012-07-13,0.051589999347925186
2012-07-16,0.051589999347925186
2012-07-17,0.05933000147342682
2012-07-18,0.05933000147342682
2012-07-19,0.05674999952316284
2012-07-20,0.061900001019239426
2012-07-23,0.05933000147342682
2012-07-30,0.061900001019239426
2012-07-31,0.05933000147342682
2012-08-02,0.04901000112295151
2012-08-03,0.04901000112295151
2012-08-07,0.04952000081539154
2012-08-08,0.04952000081539154
2012-08-10,0.04901000112295151
2012-08-13,0.051589999347925186
2012-08-14,0.04952000081539154
2012-08-15,0.04901000112295151
2012-08-16,0.04436999931931496
2012-08-20,0.04540000110864639
2012-08-21,0.051589999347925186
2012-08-24,0.04952000081539154
2012-08-27,0.04746000096201897
2012-08-28,0.04746000096201897
2012-08-29,0.04642999917268753
2012-08-30,0.04385000094771385
2012-08-31,0.04385000094771385
2012-09-04,0.04230000078678131
2012-09-07,0.04385000094771385
2012-09-10,0.04385000094771385
2012-09-11,0.04901000112295151
2012-09-12,0.051589999347925186
2012-09-13,0.07221999764442444
2012-09-14,0.07221999764442444
2012-09-18,0.07943999767303467
2012-09-19,0.06499999761581421
2012-09-20,0.06139000132679939
2012-09-21,0.06139000132679939
2012-09-24,0.08305999636650085
2012-09-25,0.08666999638080597
2012-09-26,0.07943999767303467
2012-09-27,0.07221999764442444
2012-10-01,0.07943999767303467
2012-10-02,0.07582999765872955
2012-10-04,0.06499999761581421
2012-10-05,0.06932999938726425
2012-10-08,0.07943999767303467
2012-10-09,0.07943999767303467
2012-10-10,0.07221999764442444
2012-10-11,0.07221999764442444
2012-10-15,0.07221999764442444
2012-10-17,0.07078000158071518
2012-10-18,0.06860999763011932
2012-10-19,0.06789000332355499
2012-10-22,0.06717000156641006
2012-10-23,0.06499999761581421
2012-10-24,0.06789000332355499
2012-10-25,0.06571999937295914
2012-10-26,0.06860999763011932
2012-10-31,0.06499999761581421
2012-11-01,0.06499999761581421
2012-11-02,0.05778000131249428
2012-11-05,0.05778000131249428
2012-11-06,0.05778000131249428
2012-11-09,0.05778000131249428
2012-11-14,0.05778000131249428
2012-11-23,0.046939998865127563
2012-11-26,0.044780001044273376
2012-11-27,0.046939998865127563
2012-11-28,0.044780001044273376
2012-11-29,0.045499999076128006
2012-11-30,0.04332999885082245
2012-12-03,0.04332999885082245
2012-12-05,0.039719998836517334
2012-12-06,0.039719998836517334
2012-12-11,0.04188999906182289
2012-12-12,0.04188999906182289
2012-12-14,0.04332999885082245
2012-12-18,0.05344000086188316
2012-12-19,0.052000001072883606
2012-12-31,0.052000001072883606
2013-01-04,0.052000001072883606
2013-01-08,0.04188999906182289
2013-01-11,0.046939998865127563
2013-01-14,0.046220000833272934
2013-01-15,0.04405999928712845
2013-01-18,0.09027999639511108
2013-01-22,0.07943999767303467
2013-01-23,0.07943999767303467
2013-01-24,0.08666999638080597
2013-01-25,0.08305999636650085
2013-01-29,0.08666999638080597
2013-01-30,0.09027999639511108
2013-01-31,0.07943999767303467
2013-02-01,0.08666999638080597
2013-02-04,0.08305999636650085
2013-02-06,0.07943999767303467
2013-02-07,0.07943999767303467
2013-02-08,0.08666999638080597
2013-02-11,0.08666999638080597
2013-02-12,0.08305999636650085
2013-02-13,0.07943999767303467
2013-02-14,0.07582999765872955
2013-02-15,0.07582999765872955
2013-02-19,0.08305999636650085
2013-02-20,0.07221999764442444
2013-02-25,0.06932999938726425
2013-02-27,0.06210999935865402
2013-02-28,0.06210999935865402
2013-03-04,0.06499999761581421
2013-03-07,0.06499999761581421
2013-03-08,0.07221999764442444
2013-03-11,0.07221999764442444
2013-03-14,0.07221999764442444
2013-03-18,0.06499999761581421
2013-03-19,0.06428000330924988
2013-03-20,0.06499999761581421
2013-03-21,0.06499999761581421
2013-03-26,0.06860999763011932
2013-04-02,0.06356000155210495
2013-04-09,0.06499999761581421
2013-04-11,0.06499999761581421
2013-04-15,0.06499999761581421
2013-04-16,0.06499999761581421
2013-04-17,0.05849999934434891
2013-04-18,0.05778000131249428
2013-04-22,0.05778000131249428
2013-04-23,0.05778000131249428
2013-04-29,0.05705999955534935
2013-05-09,0.039719998836517334
2013-05-10,0.038279999047517776
2013-05-14,0.03756000101566315
2013-05-15,0.03466999903321266
2013-05-16,0.03322000056505203
2013-05-17,0.03610999882221222
2013-05-20,0.03610999882221222
2013-05-21,0.03756000101566315
2013-05-22,0.04188999906182289
2013-05-23,0.04188999906182289
2013-05-24,0.04261000081896782
2013-05-28,0.039719998836517334
2013-05-29,0.03610999882221222
2013-05-30,0.03610999882221222
2013-05-31,0.03610999882221222
2013-06-04,0.03539000079035759
2013-06-05,0.03466999903321266
2013-06-06,0.03539000079035759
2013-06-07,0.032499998807907104
2013-06-11,0.032499998807907104
2013-06-12,0.030330000445246696
2013-06-13,0.031060000881552696
2013-06-19,0.032499998807907104
2013-06-20,0.032499998807907104
2013-06-21,0.02889000065624714
2013-06-24,0.02889000065624714
2013-06-25,0.02889000065624714
2013-06-26,0.026000000536441803
2013-06-27,0.02672000043094158
2013-06-28,0.025280000641942024
2013-07-02,0.025280000641942024
2013-07-09,0.02167000062763691
2013-07-10,0.02167000062763691
2013-07-11,0.02167000062763691
2013-07-12,0.02167000062763691
2013-07-15,0.02167000062763691
2013-07-18,0.022390000522136688
2013-07-19,0.022390000522136688
2013-07-22,0.02167000062763691
2013-07-23,0.02094000019133091
2013-07-24,0.02094000019133091
2013-07-26,0.02094000019133091
2013-07-30,0.018780000507831573
2013-08-01,0.018780000507831573
2013-08-02,0.018780000507831573
2013-08-06,0.02094000019133091
2013-08-07,0.02094000019133091
2013-08-09,0.02167000062763691
2013-08-12,0.023110000416636467
2013-08-13,0.02167000062763691
2013-08-14,0.02167000062763691
2013-08-16,0.02094000019133091
2013-08-20,0.022390000522136688
2013-08-21,0.02167000062763691
2013-08-22,0.02094000019133091
2013-08-23,0.02094000019133091
2013-08-27,0.025280000641942024
2013-08-28,0.025280000641942024
2013-09-03,0.02672000043094158
2013-09-05,0.02672000043094158
2013-09-10,0.02744000032544136
2013-09-12,0.022390000522136688
2013-09-16,0.026000000536441803
2013-09-17,0.026000000536441803
2013-09-19,0.02817000076174736
2013-09-24,0.02022000029683113
2013-09-26,0.02167000062763691
2013-10-04,0.018780000507831573
2013-10-08,0.018780000507831573
2013-10-11,0.022390000522136688
2013-10-14,0.022390000522136688
2013-10-15,0.023110000416636467
2013-10-16,0.023110000416636467
2013-10-17,0.022390000522136688
2013-10-21,0.025280000641942024
2013-10-23,0.026000000536441803
2013-10-24,0.023110000416636467
2013-10-25,0.025280000641942024
2013-10-30,0.023830000311136246
2013-10-31,0.023830000311136246
2013-11-04,0.025280000641942024
2013-11-07,0.02672000043094158
2013-11-11,0.025280000641942024
2013-11-12,0.025280000641942024
2013-11-14,0.025280000641942024
2013-11-18,0.02167000062763691
2013-11-19,0.02022000029683113
2013-11-21,0.02167000062763691
2013-11-26,0.025280000641942024
2013-11-27,0.02817000076174736
2013-11-29,0.025280000641942024
2013-12-02,0.025280000641942024
2013-12-04,0.025280000641942024
2013-12-06,0.02672000043094158
2013-12-10,0.026000000536441803
2013-12-11,0.02672000043094158
2013-12-13,0.02744000032544136
2013-12-16,0.026000000536441803
2013-12-17,0.023830000311136246
2013-12-23,0.023830000311136246
